539.512024 411.975006 2
542.241028 147.626007 6
653.468994 370.727997 9
598.585999 284.882996 2
573.062988 294.562988 2
139.570007 401.381012 1
228.970001 281.992004 1
305.747009 94.350998 4
610.617004 167.190002 2
500.450012 118.780998 6
341.804993 361.755005 8
128.582993 81.598999 4
39.105000 381.265991 1
294.911987 421.480011 1
189.214005 322.730011 7
251.889008 69.384003 4
116.098999 296.382996 1
86.839996 307.898010 1
509.272003 429.165985 2
90.306999 73.486000 4
269.270996 163.341995 3
137.112000 289.688995 1
63.613998 406.865997 1
224.473007 92.762001 4
345.226013 306.391998 8
188.507996 282.093994 1
531.218994 468.524994 0
47.276001 338.063995 1
543.882019 319.738007 2
379.937988 97.189003 0
84.786003 158.792007 3
542.729980 307.096008 2
430.753998 387.635010 1
578.630005 455.946991 2
374.859009 346.170990 8
185.274002 91.510002 4
561.465027 397.192993 2
164.585999 286.822998 1
131.626999 166.382004 3
377.093994 66.892998 0
386.608002 289.194000 1
531.517029 393.152008 2
157.626999 205.548004 0
181.292999 148.632996 3
496.500000 219.106995 6
596.487000 299.589996 2
545.252991 396.721985 2
388.901001 386.545013 1
512.943970 271.191010 0
589.398987 453.752991 2
310.587006 434.139008 1
228.186005 404.265991 1
506.635010 61.938000 5
90.807999 151.570999 3
506.355988 340.463989 2
253.466995 414.664001 1
572.642029 309.684998 2
456.951996 309.308990 1
656.773010 117.589996 2
99.839996 113.858002 0
536.731018 342.661987 2
563.982971 190.306000 6
320.544006 334.019012 8
129.748001 415.173004 1
564.976990 405.808990 2
626.168030 325.358002 9
170.098007 278.631989 1
243.063004 441.615997 1
441.855988 166.511993 5
641.458008 402.427002 2
165.677002 258.368011 1
615.776001 123.528999 2
47.348000 173.026993 3
286.177002 342.243988 0
42.349998 154.636002 3
163.807999 359.445007 7
148.070007 264.644989 1
473.192993 318.136993 1
110.273003 148.951004 3
154.587997 342.123993 7
216.731003 284.403015 1
188.031006 106.501999 4
626.596985 408.743011 2
145.341003 168.382004 3
617.981018 186.985001 2
223.218002 98.852997 4
646.952026 121.884003 2
613.054993 198.557007 2
217.100006 353.244995 0
238.944000 336.570007 0
476.220001 155.419998 5
169.203995 62.771000 0
21.128000 311.597992 1
75.241997 182.811005 3
353.394989 417.424011 1
129.201004 68.598000 4
170.356995 371.300995 7
320.928009 424.826996 1
516.401978 86.344002 5
359.776001 423.584015 1
638.393982 86.559998 2
150.483002 75.369003 4
600.056030 427.462006 2
547.299988 454.506012 2
135.699997 272.295013 1
369.291992 363.919006 8
127.582001 87.001999 4
558.185974 327.880005 2
297.020996 261.791992 1
160.970993 335.471008 7
228.677002 408.656006 1
303.339996 79.885002 4
199.936996 144.559998 3
126.147003 426.477997 1
536.091980 243.266998 6
211.455994 169.444000 3
628.419006 173.817001 2
555.273987 280.162994 2
284.822998 433.441986 1
205.843994 156.134995 3
252.940002 342.634003 0
289.777008 85.092003 4
161.942001 107.855003 4
678.869995 439.984985 2
668.520996 441.214996 2
496.812988 353.347992 0
473.494995 40.794998 5
136.164993 234.908997 0
331.536987 277.278992 1
227.753998 161.722000 3
29.653999 94.833000 4
59.145000 134.664993 3
567.411011 281.058014 2
345.661011 333.121002 8
410.204010 399.162994 1
427.972992 313.829010 1
544.440979 446.593994 2
199.862000 417.181000 1
314.308990 322.428986 8
50.758999 82.452003 4
584.989990 401.860992 2
435.265991 158.348999 5
43.442001 345.700989 1
105.735001 266.322998 1
167.479004 175.306000 3
154.638000 357.752991 7
390.036987 278.677002 1
590.210022 288.769012 2
639.905029 111.399002 2
606.062988 138.800003 0
561.278015 295.947998 2
318.694000 369.308990 8
242.164993 274.343994 1
644.638000 102.209999 2
102.455002 162.998001 3
419.838989 290.972992 1
539.109009 215.755005 6
188.621994 417.372986 1
375.708008 399.623993 1
361.789001 349.989014 8
605.158020 394.075012 2
30.992001 171.520996 3
221.783005 106.579002 4
205.268997 138.574005 3
185.667999 335.604004 7
424.294006 97.509003 5
523.036011 399.070007 2
631.953003 90.276001 2
177.535004 415.957001 1
334.993011 339.566010 8
513.419983 414.022003 2
201.416000 163.787994 3
75.614998 461.579010 0
645.271973 89.614998 2
503.428986 236.263000 6
312.492004 210.246994 0
606.664001 427.973999 2
481.533997 161.421997 5
517.442017 406.076996 2
237.694000 108.414001 4
447.132996 312.509003 1
522.184021 366.365997 2
428.716003 279.231995 1
657.953979 380.846008 0
125.621002 323.664001 7
203.886993 440.687012 1
138.916000 419.429993 1
530.117004 253.397995 6
162.988007 421.220001 1
423.479004 292.575989 1
525.344971 249.365005 6
445.312012 133.772995 5
52.852001 51.333000 0
652.184021 369.588989 9
522.461975 396.860992 2
560.739014 344.040009 2
68.316002 152.404007 3
113.525002 399.234985 1
361.204010 261.708008 1
35.911999 370.350006 1
631.922974 124.433998 2
426.097992 131.962997 5
29.856001 350.191010 1
444.186005 74.773003 5
517.953003 434.911011 2
330.317993 93.491997 4
89.978996 99.889999 4
368.223999 83.125000 0
368.832001 354.847992 8
260.459991 243.822006 1
257.160004 281.057007 1
435.975006 303.593994 1
403.571991 402.153015 1
403.135010 307.951996 1
324.640015 316.003998 8
526.518982 373.040009 2
613.237976 177.156998 2
349.595001 361.018005 8
368.648010 321.579010 8
466.888000 218.477997 6
209.759003 90.274002 4
194.893997 145.770996 3
544.416992 304.859985 2
606.672974 393.790009 2
336.544006 378.734009 8
598.466003 375.536987 0
40.381001 148.067993 3
217.701004 69.130997 4
623.314026 416.785004 2
309.382996 352.445007 8
79.310997 284.882996 1
151.524994 100.473000 4
576.856995 319.355988 2
220.875000 78.129997 4
119.988998 91.217003 4
315.947998 355.893005 8
346.309998 345.015015 8
426.153015 292.544006 1
440.257996 101.383003 5
247.341995 162.660995 3
659.093018 306.937012 9
324.884003 170.819000 3
66.556000 173.718994 3
571.239014 104.254997 0
210.753006 253.785995 1
637.757996 346.757996 9
603.078979 404.593994 2
74.904999 410.269012 1
229.238007 179.164993 3
512.989014 248.854996 6
183.524994 168.171005 3
528.343994 223.132996 6
571.421021 153.628006 6
322.877991 181.177002 3
208.623993 105.845001 4
257.717987 412.964996 1
191.507996 423.796997 1
544.466980 205.031006 6
183.649002 69.685997 4
269.045990 415.209015 1
657.117004 452.665009 2
341.696014 375.322998 8
113.268997 397.282990 1
632.650024 178.970993 2
253.363007 93.762001 4
521.940002 319.312012 2
512.971008 346.678009 2
242.242004 70.839996 4
343.147003 94.478996 0
667.140015 364.032990 9
156.889999 150.130997 3
173.425995 425.682007 1
462.584991 46.923000 5
205.884003 183.192993 3
582.677002 215.259003 0
321.800995 253.264008 1
517.664978 70.057999 5
257.065002 103.917999 4
443.221985 101.127998 5
261.802002 258.218994 1
377.427002 277.386993 1
637.023010 204.921005 2
613.468994 239.093002 2
288.195007 413.503998 1
583.867004 453.852997 2
549.935974 207.559006 6
163.863007 272.687988 1
535.000000 155.746002 6
330.765015 363.645996 8
665.755005 327.566986 9
152.292007 347.648987 7
337.131012 362.058990 8
631.010986 443.962006 2
245.641998 426.362000 1
95.161003 416.279999 1
376.446014 211.813004 0
508.174011 429.858002 2
608.848999 248.307007 2
480.692993 159.154999 5
601.304016 87.805000 0
40.584000 245.417007 0
108.983002 81.510002 4
178.016006 402.902008 1
518.534973 439.873993 2
311.152008 344.179993 8
305.458008 38.550999 0
275.852997 415.115997 1
271.557007 391.984985 0
425.753998 121.133003 5
436.927002 140.483994 5
271.466003 280.044006 1
168.973999 251.395004 1
144.906998 113.889000 4
449.123993 129.988998 5
131.936996 149.259003 3
382.863007 386.951996 1
476.023010 341.609009 1
344.265015 413.817993 1
318.313995 91.872002 4
639.960999 256.539001 2
176.649994 371.484985 7
632.093994 426.829010 2
523.307007 433.528992 2
126.763000 272.737000 1
518.202026 424.382996 2
563.268005 318.037994 2
656.109985 136.136002 2
612.294006 173.192001 2
355.113007 102.169998 0
228.218002 148.266998 3
558.505981 148.826996 6
185.067993 270.967987 1
375.664001 273.917999 1
165.121002 345.513000 7
67.906998 90.611000 4
288.796997 161.382996 3
235.466003 254.389999 1
665.776978 441.686005 2
433.845001 353.803986 1
673.594971 415.084991 2
128.035995 360.951996 7
560.612976 200.313004 6
523.039978 447.243011 2
485.294006 161.151993 5
444.571991 143.869995 5
316.298004 434.391998 1
402.773010 284.217987 1
539.406982 427.306000 2
68.055000 393.717987 1
521.958008 89.828003 5
131.722000 173.658997 3
40.112000 148.011002 3
358.221985 339.085999 8
509.088013 420.188995 2
24.009001 107.766998 4
315.852997 272.647003 1
642.843994 172.613998 2
510.980011 387.895996 2
456.320007 85.624001 5
454.712006 141.061996 5
381.389008 264.362000 1
68.998001 44.105999 0
137.136993 281.847992 1
367.864014 404.339996 1
310.859985 76.639999 4
240.369995 87.621002 4
198.516998 97.117996 4
618.663025 309.628998 0
233.964996 172.781998 3
409.411987 296.240997 1
268.402008 326.884003 0
57.223999 77.799004 4
253.723999 263.118011 1
466.089996 154.477997 5
138.531006 89.481003 4
349.174988 363.209015 8
464.197998 48.134998 5
655.112000 337.112000 9
274.649994 305.195007 0
231.348007 149.408005 3
514.020996 350.737000 2
653.344971 439.667999 2
324.541992 75.254997 4
670.314026 321.296997 9
525.236023 224.789993 6
406.260986 378.575989 1
328.294006 399.600006 1
65.650002 105.292000 4
537.830994 386.027008 2
88.382004 391.389008 1
67.466003 276.843994 1
476.229004 426.437988 0
229.302002 94.680000 4
78.622002 92.777000 4
290.497009 99.792999 4
153.878006 372.265991 7
557.546021 183.662994 6
30.152000 302.263000 1
438.148987 359.138000 1
440.808014 333.631989 1
534.401001 191.018005 0
36.111000 299.346985 1
84.956001 163.597000 3
639.867004 306.737000 9
144.095001 75.677002 4
454.322998 71.044998 5
259.006012 108.685997 4
249.354004 183.113998 3
302.552002 283.863007 1
541.992981 430.812012 2
328.027008 258.385010 1
218.354004 98.038002 4
659.577026 101.893997 2
210.802002 171.526001 3
57.030998 170.727005 3
258.354004 160.106003 3
535.715027 214.516998 6
548.895020 353.427002 2
600.762024 262.489990 2
138.190994 369.528015 7
238.824005 217.365997 0
248.820007 144.889999 3
117.363998 261.468994 1
146.826996 252.020004 1
422.298004 146.255997 5
153.636002 309.867004 7
530.757996 338.816010 2
206.397995 74.276001 4
32.810001 170.112000 3
610.783020 420.506989 2
65.958000 286.636993 1
310.510986 345.281006 8
487.299988 161.199005 5
239.447006 407.908997 1
291.156006 104.052002 4
631.588989 210.143997 2
571.997009 185.255005 6
100.069000 280.795013 1
409.072998 398.273987 1
35.236000 176.363998 3
568.807983 167.182999 6
538.963989 455.894989 2
496.016998 410.996002 0
280.691986 265.170013 1
461.053986 58.123001 5
58.445000 146.639999 3
128.432007 290.269012 1
154.330994 123.141998 0
256.127991 251.643005 1
343.101013 128.084000 0
39.911999 150.513000 3
666.825012 430.519012 2
21.462000 77.293999 4
63.834000 407.371002 1
647.169006 171.828003 2
217.671005 124.708000 0
601.317017 184.681000 2
354.291992 352.268005 8
97.968002 29.370001 0
7.798000 335.317993 1
337.036011 356.350006 8
70.635002 409.332001 1
52.622002 289.036987 1
606.388977 374.335999 0
681.163025 433.358002 2
683.671021 422.505005 2
552.331970 170.764999 6
604.734985 150.860992 2
233.996002 72.875999 4
643.419983 175.623993 2
137.783997 402.600006 1
489.923004 156.906998 5
312.424011 430.181000 1
272.368988 30.910000 0
41.459000 74.058998 4
637.520020 346.696014 9
554.197998 309.187012 2
383.688995 293.131989 1
643.382996 143.582001 2
595.015991 436.411987 2
173.621994 162.210999 3
216.906998 114.343002 4
662.197021 357.123993 9
619.559021 136.572006 2
396.144989 287.850006 1
537.479980 372.144012 2
193.875000 342.381989 7
625.698975 336.246002 9
28.163000 104.377998 4
354.631989 418.369995 1
637.875977 234.050003 2
578.749023 155.158005 6
262.704987 262.756012 1
271.326996 120.799004 0
53.695999 140.332993 3
675.021973 441.903992 2
211.126007 414.872986 1
291.239014 267.566986 1
418.200989 285.682007 1
144.727005 363.410004 7
146.688995 68.014000 4
56.216000 139.917999 3
423.317993 149.014999 5
58.500999 152.589996 3
458.558990 64.913002 5
394.864014 286.816010 1
118.109001 213.615005 0
656.648010 123.617996 2
304.612000 357.527008 8
497.729004 179.009995 5
462.196991 148.753006 5
176.488998 144.634995 3
608.171997 452.337006 2
33.796001 254.742004 0
115.486000 177.085007 3
611.828979 204.873001 2
661.827026 333.678009 9
219.500000 413.658997 1
445.592010 359.608002 1
459.976013 59.185001 5
515.737000 354.632996 2
69.353996 276.035004 1
30.549999 200.938004 0
104.567001 288.074005 1
540.018982 134.873001 6
261.032990 257.946014 1
116.117996 270.098999 1
329.838013 407.196014 1
388.661987 297.954010 1
266.255005 409.427002 1
429.359985 108.485001 5
316.522003 356.910004 8
212.570007 424.279999 1
70.260002 90.167999 4
593.078003 403.316986 2
321.473999 383.121002 8
156.063995 334.575989 7
175.639008 430.992004 1
517.895996 55.445999 5
93.419998 153.067993 3
173.811996 435.535004 1
578.695007 410.891998 2
411.562988 347.910004 0
27.452999 303.158997 1
97.228996 167.076004 3
476.851990 179.141006 5
179.783005 315.420013 7
16.223000 251.970993 0
554.689026 237.095993 6
408.576996 300.765015 1
92.035004 106.078003 4
465.438995 325.735992 1
449.596008 337.957001 1
414.526001 384.118988 1
658.523010 125.338997 2
551.945984 321.266998 2
628.755981 281.993988 2
160.227005 327.049011 7
306.480011 140.395004 3
522.469971 411.807007 2
215.738007 99.917000 4
617.012024 146.807007 2
247.634995 109.885002 4
570.135010 181.315994 6
537.072998 343.324005 2
567.218018 146.138000 6
544.398010 202.037003 6
535.007019 354.878998 2
238.095993 82.255997 4
328.156006 103.931000 4
40.938000 393.513000 1
429.500000 157.832001 5
665.200012 136.750000 2
273.786987 171.162994 3
679.984985 341.546997 9
441.286987 75.081001 5
70.071999 219.559006 0
423.536011 397.091003 1
358.660004 276.619995 1
493.109009 222.595001 6
112.874001 418.187988 1
597.882019 443.503998 2
288.790009 438.928009 1
447.425995 58.319000 5
572.426025 462.510986 2
137.681000 427.606995 1
258.924988 265.519989 1
63.058998 288.994995 1
255.317993 58.331001 0
281.143005 169.615005 3
173.899002 406.761993 1
184.904999 264.567993 1
437.489014 308.860992 1
176.628998 350.002014 7
272.958008 358.739014 0
188.835999 417.102997 1
635.244995 103.794998 2
332.428009 252.470993 1
575.153015 166.684998 6
28.910999 99.315002 4
639.625977 144.365997 2
487.128998 71.482002 5
303.842987 139.386993 3
618.075012 456.074005 2
624.702026 413.612000 2
154.880997 421.634003 1
176.865997 371.907013 7
620.955017 248.046997 2
72.602997 49.363998 0
188.617996 96.299004 4
684.414001 242.654999 0
29.804001 307.135010 1
117.400002 225.276001 0
472.289001 170.257996 5
382.580994 419.315002 1
555.840027 182.671997 6
339.920013 320.062012 8
548.479980 416.313995 2
124.597000 113.790001 4
156.770996 296.410004 0
154.257996 164.539993 3
331.933990 363.894012 8
270.471985 438.174011 1
565.859985 459.454010 2
279.119995 163.332001 3
439.256989 74.560997 5
625.301025 232.052994 2
639.198975 142.087997 2
549.065979 385.596985 2
365.873993 366.731995 8
377.140991 33.029999 0
560.664978 422.687012 2
669.760986 339.394989 9
431.372009 364.029999 1
167.942001 409.218994 1
204.162994 424.799988 1
508.425995 61.924000 5
127.968002 286.834015 1
295.398987 281.739990 1
250.442993 147.494003 3
44.139999 380.735992 1
571.289978 279.720001 2
337.829987 432.332001 1
323.888000 89.833000 4
102.459999 419.402008 1
301.722992 105.178001 4
446.471008 303.576996 1
353.395996 329.170013 8
262.822998 228.669998 0
444.988007 163.518005 5
561.731018 299.259003 2
624.854980 360.424011 9
51.570999 386.960999 1
168.675995 280.826996 1
150.819000 430.199005 1
104.766998 227.983002 0
633.843994 84.471001 2
576.538025 406.631989 2
248.813004 279.035004 1
626.671021 254.994995 2
69.746002 302.795990 1
44.477001 102.126999 4
612.250977 219.246994 2
423.694000 134.559998 5
502.584991 246.656998 6
105.453003 149.427994 3
450.641998 70.155998 5
46.813000 352.385010 1
105.157997 181.440002 3
541.955994 125.613998 6
554.132996 189.464005 6
674.367004 345.447998 9
61.714001 69.726997 4
642.867981 221.354004 2
274.175995 404.820007 1
565.289978 411.558990 2
395.410004 390.354004 1
108.851997 390.489014 1
205.093994 245.335999 1
447.102997 142.335999 5
605.976013 211.039993 2
370.247009 400.444000 1
393.157990 414.061005 1
571.523987 413.035004 2
336.718994 335.237000 8
285.916992 265.773010 1
99.057999 268.003998 1
523.963989 438.921997 2
437.015991 108.485001 5
251.358994 71.207001 4
625.544006 272.036011 2
623.372009 112.561996 2
343.033997 353.608002 8
601.658020 355.928009 0
261.696991 101.720001 4
305.816010 76.428001 4
568.804016 164.184998 6
598.784973 294.545013 2
672.455017 333.962006 9
326.088989 76.594002 4
639.757996 87.478996 2
410.708008 285.971985 1
135.501999 83.738998 4
217.774002 108.974998 4
538.195007 129.959000 6
231.061996 68.763000 4
65.550003 80.113998 4
214.916000 246.544006 1
460.333008 87.264000 5
231.442993 102.337997 4
282.247986 264.950989 1
32.117001 109.217003 4
550.481018 156.082001 6
645.726013 169.095001 2
118.325996 292.673004 1
331.139008 270.079010 1
420.985992 292.769012 1
667.984009 349.415009 9
545.117981 305.188995 2
628.612000 103.540001 2
376.122009 300.585999 1
329.545990 254.238007 1
328.291992 101.574997 4
90.343002 70.324997 4
449.315002 316.324005 1
159.005997 80.808998 4
315.127991 165.042007 3
559.987000 295.459991 2
15.110000 364.417999 1
269.717010 160.257996 3
207.354004 140.296005 3
340.227997 342.928986 8
656.952026 150.522995 2
489.031006 69.125000 5
216.757004 194.188995 0
645.841003 241.889008 2
588.025024 419.772003 2
326.563995 381.272003 8
321.053009 266.501007 1
376.100006 299.845001 1
502.743011 83.634003 5
446.130005 92.921997 5
292.218994 106.843002 4
518.846985 225.565002 6
602.489990 115.693001 0
437.638000 120.246002 5
550.489014 169.343002 6
96.237000 186.029007 3
241.729996 282.281006 1
509.192993 361.078003 2
61.027000 322.162994 1
38.411999 102.886002 4
87.907997 381.977997 1
640.127991 195.589005 2
513.344971 153.572998 0
501.143005 118.434998 6
497.407013 258.385986 0
156.841003 123.403000 0
272.609985 83.694000 4
140.806000 105.144997 4
535.768005 87.931999 5
194.451996 363.122986 7
264.144012 105.375000 4
502.451996 135.084000 6
463.971008 62.674999 5
331.738007 272.627991 1
551.456970 239.132004 6
329.897003 171.932999 3
532.861023 366.229004 2
637.681030 406.355988 2
18.958000 371.421997 1
308.959991 417.742004 1
127.350998 171.348999 3
620.145020 394.865997 2
48.585999 304.010010 1
524.507019 452.489014 2
551.221985 101.063004 0
264.302002 69.183998 4
643.814026 70.362000 2
37.978001 377.388000 1
365.976013 277.790009 1
493.311005 132.279999 6
94.069000 285.881012 1
37.458000 140.052994 3
176.322998 320.221008 7
109.017998 282.500000 1
613.729980 180.727005 2
107.994003 75.057999 4
629.250977 148.397995 2
266.924988 253.003006 1
281.859985 417.162994 1
485.006012 245.822998 6
142.751007 290.506012 1
497.582001 157.123001 5
540.606018 460.141998 2
522.236023 435.468994 2
227.535004 363.605011 0
170.740005 466.536011 0
558.075989 183.121002 6
32.216999 383.799988 1
536.620972 448.562988 2
654.086975 465.032990 0
614.034973 212.438995 2
231.649002 64.663002 4
158.962006 88.723000 4
125.738998 418.415985 1
600.872009 260.058014 2
223.710007 276.231995 1
318.380005 316.390015 8
118.477997 389.855988 1
44.773998 160.513000 3
65.627998 76.130997 4
261.427002 467.022003 0
118.361000 423.502991 1
156.522995 355.480988 7
94.662003 393.710999 1
398.127991 413.946014 1
133.171005 400.635010 1
47.563999 87.391998 4
196.876007 96.442001 4
123.000999 192.942001 0
423.127991 135.835007 5
490.376007 60.238998 5
653.458008 77.614998 2
111.848999 277.355011 1
318.515991 76.836998 4
376.001007 303.019012 0
561.164001 309.695007 2
425.748993 85.653000 5
590.716980 273.613007 2
327.009003 60.386002 0
29.863001 158.281006 3
484.632996 225.621994 6
126.307999 430.760010 1
114.166000 68.586998 4
71.834999 468.425995 0
649.947998 333.167999 9
615.640015 148.389008 2
301.065002 72.014000 4
301.920990 271.080994 1
349.998993 267.609985 1
33.428001 138.069000 3
271.532990 53.355999 0
568.921997 217.768997 6
176.647003 175.237000 3
162.910004 380.566986 7
578.552002 176.175995 6
306.347992 328.488007 8
406.476013 376.234985 1
354.041992 271.239990 1
359.970001 140.151001 0
138.957001 388.799011 0
301.562012 255.751007 1
491.700012 235.598007 6
464.897003 343.644012 1
597.122986 251.996994 2
168.091995 331.829987 7
32.216000 303.695007 1
268.808990 157.742004 3
157.632004 384.822998 7
559.416992 325.260010 2
439.040985 385.264008 1
543.895020 320.299988 2
330.790009 101.286003 4
276.247986 253.026001 1
313.929993 283.078003 1
152.639999 112.135002 4
285.061005 374.411987 0
301.041992 143.709000 3
674.895020 358.519989 9
570.648010 462.231995 2
531.364014 141.884995 6
157.923004 226.324005 0
235.505997 405.515015 1
649.896973 326.714996 9
343.006989 346.292999 8
209.552002 342.200989 7
98.257004 270.518005 1
321.181000 331.062988 8
319.171997 431.364014 1
615.843994 139.406006 2
35.126999 320.063995 1
566.338989 452.329987 2
243.072998 454.144989 0
311.420013 144.998993 3
143.621994 357.248993 7
423.173004 123.603996 5
560.380005 429.223999 2
32.414001 371.342987 1
332.697998 260.872986 1
118.494003 404.317993 1
427.385010 281.989014 1
182.479996 470.860992 0
357.929993 262.003998 1
589.452026 309.516998 2
548.843994 142.901001 6
556.419983 442.464996 2
193.835007 273.964996 1
391.388000 211.356995 0
652.023987 349.985992 9
651.466980 439.441986 2
501.010010 56.181999 5
446.989014 60.667999 5
151.302002 412.161011 1
609.700989 171.227005 2
111.487999 393.994995 1
642.546021 407.834991 2
129.550003 345.552002 7
162.007996 73.113998 4
293.697998 174.442993 3
182.820007 262.859985 1
453.824005 56.455002 5
561.513000 407.343994 2
470.670013 329.649994 1
653.791016 453.915009 2
566.252014 376.006012 2
244.632996 164.615005 3
642.737976 349.950989 9
615.148987 287.348999 2
114.203003 173.901993 3
574.690979 436.981995 2
308.653992 346.355011 8
340.752991 266.794006 1
566.208984 304.914001 2
619.372986 178.822006 2
327.933990 435.674988 1
614.940002 155.576996 2
655.028015 110.553001 2
662.413025 418.669006 2
228.529007 280.138000 1
154.367996 282.101013 1
297.381989 85.728996 4
447.145996 356.751007 1
221.889008 249.483994 1
613.794006 428.565002 2
574.810974 277.845001 2
436.160004 99.510002 5
437.222992 89.015999 5
113.246002 69.092003 4
274.811005 270.851013 1
270.226990 72.955002 4
459.612000 353.614990 1
607.416016 188.376999 2
77.044998 164.914993 3
177.945007 173.751999 3
281.891998 246.804001 1
217.514999 147.199005 3
473.184998 235.903000 6
255.876999 411.838989 1
302.044006 102.431000 4
497.048004 88.247002 5
619.976013 390.391998 2
77.896004 166.356003 3
505.604004 80.586998 5
507.252014 354.371002 2
287.368988 434.235992 1
194.804001 325.130005 7
532.534973 124.962997 6
313.496002 50.557999 0
333.868011 312.928009 8
583.333984 434.196014 2
557.293030 465.752014 2
131.330994 362.040985 7
450.714996 341.359985 1
642.715027 24.195000 0
130.994995 408.988007 1
570.489990 381.540009 2
61.591999 402.351013 1
545.450012 137.990997 6
132.427002 417.566010 1
163.835007 319.752991 7
188.238998 258.147003 1
624.719971 96.987999 2
601.999023 319.717987 0
235.718002 168.427002 3
533.736023 319.194000 2
370.523987 259.580994 1
284.233002 167.729004 3
169.276993 471.550995 0
46.882999 367.903992 1
327.372009 370.600006 8
448.256012 228.319000 0
382.717010 318.751007 0
244.005997 266.403015 1
172.348999 160.035004 3
221.867996 175.617996 3
24.809999 161.423004 3
129.098007 94.200996 4
536.335999 125.359001 6
333.834015 319.083008 8
508.947998 215.783005 6
124.917000 416.612000 1
428.643005 146.550995 5
461.247986 368.246002 1
113.533997 112.146004 4
331.479004 158.473007 3
172.776001 173.341003 3
233.212997 181.654999 3
456.451996 70.103996 5
279.993988 430.949005 1
528.375977 135.248993 6
563.755981 313.532990 2
602.413025 194.268997 2
103.212997 177.054001 3
569.591003 367.880005 2
71.598000 102.415001 4
111.065002 283.924988 1
26.872999 170.354996 3
525.190979 87.662003 5
273.683990 164.649002 3
87.222000 157.335007 3
287.026001 144.792007 3
481.980011 327.834015 1
382.796997 290.976990 1
552.818970 303.341003 2
285.114014 177.119003 3
153.223999 430.683014 1
444.596985 345.322998 1
209.018997 344.023987 7
351.915985 358.787994 8
76.828003 153.210007 3
523.702026 126.336998 6
41.766998 179.408005 3
657.947998 263.916992 0
105.872002 76.864998 4
270.420013 325.679993 0
75.863998 370.152008 1
377.807007 412.424011 1
315.559998 313.355011 8
529.140015 298.157013 2
216.906998 378.682007 0
249.533005 260.118011 1
226.285995 432.519989 1
58.375000 401.907990 1
32.333000 274.730988 0
245.753006 269.661987 1
354.276001 266.098999 1
564.984985 466.010010 2
265.566010 436.523987 1
503.531006 297.326996 0
612.879028 258.661011 2
84.085999 176.785995 3
320.515991 87.992996 4
73.022003 264.592010 0
301.790985 345.386993 8
293.678009 273.285004 1
207.175995 210.695007 0
160.548004 255.416000 1
442.157013 311.945007 1
489.078003 161.763000 5
672.278015 438.864014 2
565.997009 441.990997 2
496.216003 415.569000 0
261.516998 243.820999 1
636.494995 129.319000 2
431.209015 147.042999 5
535.830994 439.656006 2
268.028992 99.763000 4
587.963013 289.109985 2
592.762024 290.513000 2
236.880997 178.498001 3
362.238007 267.716003 1
585.596008 282.105011 2
66.769997 366.289001 1
216.153000 132.516006 0
500.019989 138.520004 6
132.061996 338.832001 7
585.280029 294.417999 2
648.854980 454.813995 2
65.089996 167.947998 3
57.476002 175.723007 3
32.723000 86.389000 4
324.230011 378.954010 8
282.054993 71.641998 4
373.096985 340.763000 8
656.533997 127.134003 2
195.906006 144.188995 3
376.471985 433.039001 0
305.040985 250.498001 1
563.450012 433.303009 2
64.557999 377.101990 1
309.118988 321.985992 8
104.682999 452.032990 0
114.202003 227.639008 0
670.507996 428.309998 2
70.422997 375.893005 1
613.565979 296.425995 2
427.467010 105.628998 5
504.683990 118.564003 6
645.026978 443.565002 2
637.439026 318.289001 9
634.971985 268.941010 2
237.710999 415.536987 1
561.010986 278.402008 2
220.416000 256.351013 1
153.865997 360.056000 7
216.279007 430.358002 1
345.423004 339.683014 8
44.414001 181.393005 3
218.970993 97.700996 4
111.591003 270.011993 1
364.721985 417.610992 1
658.924011 398.066986 2
150.692993 418.420990 1
602.372986 453.471985 2
627.213989 424.186005 2
583.817993 296.593994 2
641.974976 309.856995 9
501.717010 341.031006 0
534.666992 379.769989 2
125.990997 73.056000 4
582.758972 275.959015 2
23.087000 331.747009 1
636.544006 250.753006 2
116.023003 401.087006 1
661.619995 150.406998 2
54.673000 76.752998 4
77.167000 169.544998 3
221.356995 257.312988 1
331.308990 430.457001 1
635.148010 78.228996 2
513.606995 120.024002 6
504.421997 340.161987 2
111.308998 162.809006 3
97.557999 259.507996 1
629.862976 273.309998 2
608.911011 199.544006 2
515.357971 119.684998 6
132.483994 72.434998 4
43.855000 302.149994 1
216.292007 437.391998 1
130.283997 73.427002 4
637.968994 211.983002 2
318.411011 345.201996 8
160.335999 275.217010 1
620.473022 383.062012 2
31.101999 253.695007 0
659.755981 427.829010 2
22.937000 156.423004 3
286.132996 182.039993 3
302.041992 274.351013 1
573.663025 462.704987 2
289.186005 80.511002 4
137.473007 270.144012 1
616.901001 455.846985 2
109.252998 269.567993 1
523.466003 67.773003 5
46.757999 163.164001 3
608.580017 199.304001 2
438.428986 344.760010 1
293.119995 139.994003 3
537.348022 407.273010 2
473.846008 195.783997 6
313.138000 304.009003 0
128.317001 107.469002 4
513.085999 50.537998 5
607.570984 433.842987 2
188.815002 158.886002 3
272.536987 129.537003 0
217.597000 306.761993 0
206.369995 180.453003 3
429.339996 398.321014 1
592.916016 404.480988 2
553.648010 395.395996 2
540.585022 156.139999 6
561.424011 218.270996 6
385.665985 323.076996 0
625.216980 282.971008 2
409.463013 278.497986 1
536.755981 84.252998 5
19.302000 336.920013 1
516.327026 376.751007 2
63.835999 395.835999 1
155.061005 319.217987 7
540.431030 446.821014 2
495.571991 78.745003 5
657.125977 217.658997 0
612.737976 137.832993 2
17.142000 370.489014 1
337.906006 418.985992 1
297.506989 142.259003 3
45.495998 250.199005 0
158.326996 325.141998 7
582.809998 297.856995 2
484.859985 228.520996 6
454.309998 59.577999 5
240.578995 209.645004 0
551.716980 453.653015 2
89.331001 386.773987 1
660.432007 308.195007 9
294.477997 274.651001 1
605.054993 65.334999 0
279.951996 101.911003 4
250.354996 175.979004 3
253.990997 342.975006 0
186.235992 248.554001 1
282.677002 173.005005 3
314.567993 105.205002 4
516.817993 343.441986 2
671.291016 350.524994 9
601.206970 322.252991 0
276.967010 78.988998 4
473.428986 54.297001 5
484.653015 78.147003 5
64.778000 84.073997 4
67.849998 73.643997 4
595.169983 270.988007 2
367.714996 261.151001 1
24.215000 369.681000 1
450.036011 302.684998 1
550.221008 276.309998 2
574.239990 391.437988 2
238.526001 441.592987 1
380.181000 389.217010 1
389.739990 301.868011 0
187.593002 332.975006 7
482.752014 61.547001 5
607.879028 267.192993 2
309.101990 256.776001 1
463.644989 215.445999 6
54.550999 401.992004 1
19.641001 334.279999 1
469.890015 157.289993 5
179.837006 284.052002 1
298.291992 72.517998 4
143.268997 260.419006 1
196.022003 250.524002 1
102.758003 161.416000 3
418.157013 283.020996 1
551.320007 326.403015 2
454.162994 57.397999 5
295.308014 407.739014 1
615.275024 252.589996 2
558.659973 226.102005 6
282.466003 72.181999 4
306.239014 78.222000 4
601.306030 143.785995 0
627.890991 248.574997 2
64.903000 305.502014 1
475.226990 339.597992 1
173.988007 82.142998 4
518.598999 243.878998 6
29.867001 310.395996 1
588.195007 455.938995 2
637.637024 262.346008 2
345.851013 288.390991 1
549.351013 147.794006 6
435.217987 321.225006 1
627.458984 271.954987 2
269.829987 343.845001 0
499.141998 75.432999 5
389.789001 416.102997 1
367.088013 360.662994 8
653.869995 194.169998 2
179.994995 429.386993 1
96.880997 77.363998 4
276.545990 403.014008 1
314.531006 70.153000 4
627.270020 154.610992 2
208.658005 406.691010 1
143.917999 376.410004 7
30.025000 97.058998 4
221.296005 96.771004 4
330.354004 358.548004 8
162.707001 346.898010 7
627.195984 252.451996 2
545.796997 426.066010 2
650.825012 192.048996 2
666.893005 328.825012 9
435.737000 293.309998 1
179.082001 257.385010 1
27.896000 325.351013 1
342.316986 319.729004 8
615.942017 420.747986 2
163.414001 112.197998 4
564.422974 425.375000 2
521.158997 410.444000 2
478.554993 176.154999 5
126.343002 114.669998 4
32.351002 401.640991 0
619.682007 396.261993 2
247.264008 180.768005 3
220.382996 99.038002 4
512.791016 438.881012 2
74.362999 316.339996 1
316.483002 174.324005 3
622.866028 328.757996 9
75.992996 144.485001 3
283.367004 249.505997 1
157.917007 387.660004 7
628.276978 87.093002 2
561.276978 463.450989 2
277.792999 431.338989 1
65.753998 386.653992 1
197.434006 415.201996 1
266.596985 434.864014 1
97.421997 224.052994 0
214.809006 178.468002 3
644.604004 440.371002 2
657.487000 282.946991 0
87.008003 270.343994 1
324.897003 262.238007 1
578.690979 215.779007 0
410.755005 383.192993 1
578.497009 170.195999 6
497.326996 224.410004 6
442.891998 87.686996 5
100.410004 97.904999 4
94.443001 290.696991 1
280.473999 152.660004 3
175.238007 351.863007 7
17.948000 171.507996 3
522.510986 302.785004 2
348.114014 275.352997 1
32.950001 398.480988 0
677.536011 326.631989 9
179.578003 97.151001 4
21.409000 181.389008 3
625.802979 207.485992 2
163.710007 366.165009 7
267.317993 100.343002 4
675.270020 327.608002 9
308.914001 176.455002 3
192.718994 68.344002 4
319.169006 378.123993 8
558.750977 416.915985 2
615.432007 139.733994 2
191.102997 281.635010 1
630.327026 190.054001 2
615.375000 444.847992 2
183.552994 340.579010 7
278.588989 63.146000 0
376.463989 378.292999 0
576.439026 273.065002 2
83.275002 97.813004 4
63.311001 320.622009 1
656.896973 185.669006 2
286.744995 473.703003 0
421.200012 24.483999 0
558.439026 412.091003 2
545.515015 205.061996 6
33.847000 387.076996 1
468.760986 370.088013 1
59.780998 76.366997 4
159.492004 151.475006 3
648.559998 29.521999 0
467.773987 208.225006 6
133.606003 95.373001 4
23.197001 160.373993 3
262.765015 146.220993 3
194.154007 283.746002 1
628.267029 279.040985 2
110.198997 181.751007 3
641.500000 409.786011 2
106.058998 289.123993 1
600.901978 213.195999 2
149.406006 161.423004 3
443.829987 298.419006 1
324.705994 322.709015 8
198.707993 280.876007 1
411.397003 382.477997 1
441.540985 84.125999 5
186.873001 174.212997 3
480.768005 351.070007 1
626.994995 117.563004 2
607.244019 164.625000 2
21.172001 311.829987 1
551.952026 205.925003 6
1.659000 294.925995 0
377.575989 317.829010 0
78.321999 147.365997 3
35.547001 71.588997 4
650.106018 194.880005 2
330.696991 351.165985 8
550.427002 140.703003 6
338.582001 397.027008 1
643.638977 94.189003 2
508.035004 215.328003 6
140.602005 102.426003 4
682.862976 344.346008 9
314.091003 333.808014 8
148.248001 290.485992 1
451.540985 206.615997 0
583.814026 455.115997 2
432.592010 278.895996 1
284.808990 76.800003 4
364.868011 243.326996 0
322.342987 352.631012 8
256.303009 148.660004 3
45.625999 342.268005 1
233.425003 342.846985 0
133.565994 324.191986 7
466.295013 360.988007 1
22.150999 358.977997 1
412.058990 390.992004 1
50.431999 299.390991 1
608.705994 203.037994 2
105.436996 294.381012 1
435.450989 329.169006 1
656.921997 130.296997 2
162.748001 367.489990 7
283.028015 144.052994 3
568.101990 432.006012 2
369.885010 325.104004 8
291.201996 404.565002 1
549.362976 320.595001 2
104.347000 175.610992 3
662.148010 433.359009 2
412.507996 397.621002 1
17.032000 73.658997 4
557.270996 316.027008 2
87.403999 378.713013 1
498.069000 245.934998 6
617.028015 390.570007 2
231.526993 249.983994 1
314.975006 328.346985 8
442.671997 77.617996 5
605.573975 288.899994 2
511.027008 248.367996 6
545.125977 211.802002 6
662.327026 350.609009 9
55.063000 365.092987 1
58.091000 298.558990 1
323.635986 343.928009 8
660.624023 346.196991 9
230.283005 344.247009 0
541.702026 358.319000 2
558.038025 324.983002 2
333.222992 373.936005 8
286.976013 259.334991 1
617.632996 151.195999 2
372.115997 336.997009 8
340.234985 319.910004 8
377.079987 291.950989 1
266.910004 247.371994 1
120.240997 155.651993 3
253.910004 77.438004 4
330.750000 98.464996 4
162.761002 154.815002 3
598.718018 226.987000 2
322.898987 245.671005 0
70.799004 232.845993 0
85.696999 170.934006 3
223.041000 149.481995 3
171.970001 358.247986 7
41.619999 165.417007 3
293.635986 254.391998 1
197.229004 244.020004 1
518.054993 433.979004 2
490.325989 74.668999 5
532.885010 407.270996 2
646.799011 197.472000 2
27.764000 181.220001 3
141.281006 371.238007 7
188.326004 266.029999 1
227.285004 409.217010 1
554.807983 382.877014 2
629.414978 114.547997 2
263.352997 404.726013 1
157.315002 242.753998 0
494.628998 93.075996 0
461.579987 60.666000 5
186.662994 280.398987 1
191.520004 334.976990 7
283.707001 183.686005 3
322.390015 435.132996 1
427.040009 364.247986 1
628.189026 216.214996 2
58.985001 72.888000 4
506.656006 389.563995 2
165.919998 157.884995 3
431.027008 198.061005 0
522.679016 220.746994 6
252.723999 409.695007 1
88.780998 365.154999 0
638.731018 183.472000 2
71.417999 382.114990 1
180.488007 328.618011 7
148.764008 333.996002 7
49.668999 87.056000 4
408.951996 397.996002 1
510.520996 426.532990 2
576.499023 196.431000 6
423.364014 388.653992 1
357.425995 398.041992 1
564.156982 207.981003 6
487.975006 76.360001 5
284.016998 267.614990 1
362.428009 300.113007 0
203.755005 148.248993 3
319.141998 92.306999 4
528.081970 237.987000 6
156.264999 124.499001 0
182.039993 92.168999 4
264.863007 98.041000 4
312.056000 70.652000 4
530.857971 355.688995 2
317.750000 276.632996 1
181.585007 179.190994 3
620.419006 259.859009 2
162.098007 105.250000 4
617.945007 162.753998 2
218.574997 152.190002 3
624.372009 132.507004 2
131.044006 258.367004 1
302.795013 266.630005 1
435.958008 292.635010 1
388.678986 199.921005 0
446.187012 291.968994 1
655.971985 441.139008 2
517.273987 90.570999 5
324.371002 156.906006 3
503.278015 44.348000 5
419.095001 316.960999 1
361.894012 393.328003 1
657.129028 352.893005 9
328.446991 319.295013 8
462.846985 333.735992 1
119.030998 391.338013 1
110.793999 419.114990 1
49.215000 107.491997 4
158.725998 183.457001 3
331.648010 100.469002 4
452.694000 58.148998 5
102.608002 166.438995 3
529.853027 371.234985 2
570.370972 302.122009 2
160.358994 434.735992 1
85.372002 167.791000 3
319.640015 76.970001 4
463.544006 169.772995 5
284.696014 88.875000 4
490.835999 166.186005 5
527.784973 370.381012 2
297.476990 439.600006 1
384.406006 225.410995 0
666.064026 263.010986 0
435.936005 336.962006 1
231.815002 86.060997 4
658.723022 138.197006 2
98.446999 412.873993 1
32.207001 138.320999 3
174.766998 74.719002 4
133.337006 286.018005 1
106.246002 298.372986 1
438.942993 311.816010 1
353.204987 292.959015 1
216.404999 430.203003 1
112.029999 404.127014 1
504.385986 117.292999 6
576.734009 441.625000 2
273.817993 166.602997 3
625.307007 223.067001 2
205.209000 283.121002 1
246.210999 257.003998 1
453.515991 150.242004 5
630.039978 346.567993 9
323.514008 442.768005 1
513.052002 327.471985 2
633.421997 218.453003 2
130.638000 71.360001 4
217.425995 387.317993 0
161.949997 97.149002 4
350.268005 226.992996 0
519.562012 234.658005 6
303.768005 337.459991 8
365.264008 261.569000 1
575.176025 153.382004 6
192.115005 151.813995 3
52.561001 400.225006 1
107.528999 113.255997 4
241.830994 257.829987 1
33.180000 174.755005 3
63.907001 371.658997 1
557.054016 410.816986 2
589.913025 410.968994 2
222.815994 274.214996 1
172.373001 429.250000 1
472.938995 333.816010 1
112.652000 408.886993 1
463.821991 144.095001 5
128.557999 287.806000 1
610.703979 186.449997 2
610.950989 447.127991 2
441.253998 169.819000 5
432.683990 408.203003 0
210.569000 95.992996 4
552.284973 296.994995 2
477.290009 82.318001 5
187.169998 147.630005 3
26.160000 394.014008 0
432.485992 198.876999 0
491.164001 225.738007 6
656.021973 377.492004 0
633.130981 396.618011 2
13.278000 330.614014 1
650.223022 391.707001 2
450.615997 309.403015 1
524.046997 73.320000 5
68.766998 212.580002 0
660.544006 97.509003 2
271.934998 299.308014 0
552.341980 86.675003 0
190.431000 277.989014 1
519.348022 385.246002 2
452.214996 385.959015 1
473.044006 169.300003 5
237.440994 403.140991 1
561.695007 317.556000 2
544.315002 410.092010 2
652.028992 363.571991 9
327.197998 84.181999 4
128.317001 151.227005 3
260.121002 176.699997 3
370.942993 344.612000 8
474.738007 54.167000 5
51.900002 286.217987 1
371.976990 335.019989 8
649.119995 331.001007 9
635.981995 116.712997 2
394.971985 295.329987 1
207.050995 97.195000 4
644.306030 259.428009 2
321.507996 241.511993 0
293.242004 426.632996 1
409.255005 406.520996 1
469.096985 63.404999 5
457.648010 361.436005 1
435.871002 379.993988 1
182.779999 138.009995 3
194.253998 354.981995 7
624.216003 133.296005 2
58.404999 332.371002 1
546.580994 395.049988 2
638.502014 395.850006 2
368.187988 341.876007 8
157.031006 138.417007 3
441.958008 196.807007 0
174.910995 70.387001 4
610.283997 245.037994 2
190.835007 428.351013 1
569.252014 150.449997 6
667.494019 349.054993 9
569.171997 311.506012 2
121.142998 68.877998 4
389.096008 370.610992 0
569.340027 166.475998 6
314.720001 104.400002 4
638.195007 226.651993 2
324.707001 401.196991 1
602.377014 213.063995 2
534.228027 358.035004 2
648.929993 79.586998 2
50.480000 319.174011 1
39.153000 393.053009 1
581.771973 291.835999 2
520.421997 137.279999 6
364.009003 403.631989 1
323.582001 174.630005 3
116.730003 266.860992 1
167.863007 406.165009 1
273.756989 270.903015 1
625.794006 163.097000 2
150.449005 322.890015 7
322.847992 300.397003 0
597.681030 294.972992 2
631.171021 163.610001 2
37.275002 111.523003 4
220.093002 415.471985 1
456.352997 64.246002 5
108.987999 167.699997 3
91.503998 170.520996 3
321.570007 84.876999 4
112.928001 171.779999 3
628.973999 274.222992 2
159.695007 276.705994 1
386.209991 386.942993 1
144.296005 405.697998 1
427.786987 101.296997 5
254.235992 84.097000 4
366.561005 252.408005 1
148.746002 378.540985 7
614.357971 154.889999 2
473.674011 69.556000 5
64.907997 383.601990 1
548.439026 401.118011 2
27.049000 378.358002 1
322.462006 433.216003 1
83.794998 163.024994 3
461.867004 40.888000 5
524.109985 142.356003 6
220.975998 414.045013 1
214.888000 89.620003 4
256.449005 156.181000 3
345.632996 408.997009 1
528.138000 346.492004 2
311.518005 72.890999 4
407.023987 387.877014 1
535.719971 134.304001 6
636.064026 192.817001 2
255.164001 263.433014 1
281.282990 408.945007 1
323.166992 328.544006 8
436.420013 401.428009 1
484.635986 243.158997 6
429.575012 124.241997 5
180.891998 103.211998 4
484.385010 243.903000 6
662.083008 108.440002 2
261.851013 278.079010 1
657.525024 120.735001 2
325.850006 156.869995 3
322.717010 178.233994 3
290.925995 402.009003 1
532.413025 360.279999 2
335.147003 314.890991 8
145.722000 71.481003 4
484.401001 235.912994 6
36.923000 80.758003 4
200.089996 442.545990 1
251.972000 170.085999 3
366.213013 324.546997 8
615.062988 222.315002 2
27.104000 179.199005 3
265.536011 158.130005 3
496.910004 54.550999 5
489.632996 277.295990 0
71.043999 302.360992 1
79.750000 156.731995 3
363.959991 410.261993 1
156.520004 379.932007 7
544.935974 317.088989 2
530.052979 235.845001 6
639.466003 312.161987 9
505.152008 345.752991 2
583.447021 391.566986 2
649.556030 351.032013 9
278.523987 165.990997 3
426.709015 125.924004 5
591.859009 428.001007 2
676.484009 342.750000 9
160.856995 321.877991 7
161.654007 182.382004 3
277.369995 384.548004 0
299.806000 101.642998 4
149.774002 410.434998 1
429.247986 138.641998 5
333.334015 399.598999 1
457.738007 147.949005 5
313.889008 165.632996 3
656.627991 348.501007 9
98.183998 97.224998 4
76.919998 166.901993 3
176.529999 343.546997 7
626.760986 363.811005 9
118.620003 264.178009 1
472.959015 199.192001 6
532.926025 359.640991 2
99.329002 74.566002 4
604.994995 295.598999 2
330.035004 422.855988 1
441.510010 290.641998 1
630.890015 336.321991 9
115.794998 145.863998 3
527.026001 416.579010 2
376.324005 232.628006 0
423.625000 278.605988 1
538.668030 224.481995 6
187.647003 283.066986 1
564.893982 308.622009 2
145.315002 411.105988 1
392.675995 356.592010 0
617.471008 127.920998 2
59.945999 382.473999 1
602.163025 393.781006 2
255.240005 79.410004 4
110.143997 264.089996 1
285.005005 93.407997 4
492.535004 56.235001 5
111.538002 109.217003 4
180.744995 302.606995 0
493.330994 157.033997 5
265.135010 237.731995 0
662.294983 138.462006 2
312.700012 256.975006 1
230.876999 436.569000 1
565.614990 376.803009 2
610.400024 447.808014 2
482.455994 41.754002 5
133.514008 145.516006 3
498.973999 62.521999 5
618.935974 341.408997 9
646.924988 181.770996 2
398.407990 383.121002 1
264.786987 148.291000 3
54.101002 429.329010 0
265.936005 258.213013 1
628.531006 150.091995 2
538.489990 225.423004 6
156.591995 370.709015 7
573.802002 406.423004 2
449.901001 383.510010 1
576.257996 457.565002 2
147.505997 260.898987 1
504.368011 86.235001 5
649.166992 74.495003 2
313.937988 370.786011 8
572.469971 385.632996 2
319.669006 426.467010 1
183.279007 80.503998 4
362.578003 274.592010 1
371.596985 347.487000 8
100.232002 163.528000 3
533.294983 152.792999 6
227.628006 96.172997 4
18.120001 339.686005 1
299.173004 89.195999 4
76.498001 163.029999 3
680.573975 361.953003 9
667.072998 425.589996 2
642.614990 70.236000 2
230.524002 140.511993 3
311.791992 425.295990 1
173.335007 169.134003 3
31.138000 193.645996 0
537.658997 453.074005 2
528.810974 343.102997 2
71.489998 109.096001 4
604.439026 440.221985 2
339.704987 367.928009 8
559.856995 377.621002 2
459.524994 75.623001 5
552.289001 339.471985 2
159.289993 325.281006 7
457.868011 212.835007 6
586.054993 289.411987 2
481.496002 156.709000 5
112.928001 170.779007 3
219.087997 91.709000 4
529.002014 375.010010 2
526.737976 80.445000 5
377.162994 142.431000 0
623.190979 38.668999 0
132.656006 331.184998 7
132.796005 343.359009 7
272.933014 278.678986 1
609.724976 289.156006 2
527.510986 93.642998 5
110.237999 163.300003 3
647.164001 369.510010 9
121.240997 416.651001 1
659.395996 89.018997 2
40.826000 159.796997 3
640.781006 316.333008 9
623.263000 184.972000 2
546.736023 307.692993 2
186.084000 320.852997 7
303.584991 180.628998 3
580.044983 306.605011 2
87.738998 401.829987 1
553.442017 234.240997 6
163.587006 138.399994 3
134.897995 421.140991 1
568.307983 189.231003 6
637.981018 75.636002 2
627.556030 156.195999 2
156.643997 188.830002 0
26.611000 359.329010 1
476.282990 362.572998 1
570.471985 175.464005 6
638.328979 414.601013 2
308.209015 408.825012 1
14.179000 130.658997 0
560.013000 284.432007 2
638.052002 249.268997 2
436.470001 132.126999 5
542.039001 343.442993 2
475.536987 151.384003 5
233.988998 422.764008 1
217.072998 166.987000 3
151.231003 416.481995 1
160.029007 109.268997 4
38.555000 112.372002 4
424.291992 405.946991 1
208.662994 423.880005 1
648.966003 356.048004 9
194.712006 154.311996 3
651.336975 82.528000 2
524.403015 131.164001 6
210.807007 258.752991 1
613.812988 186.382004 2
602.512024 434.843994 2
216.106995 214.748001 0
369.354004 71.858002 0
469.143005 74.245003 5
651.208984 415.927002 2
239.276993 418.856995 1
131.113007 89.095001 4
415.954987 308.346008 1
337.822998 323.938995 8
505.135986 353.807007 2
248.037994 178.757996 3
426.415009 138.608994 5
661.148987 112.773003 2
687.859985 471.365997 0
615.806030 202.371994 2
407.295990 381.239990 1
159.811996 98.403000 4
357.019989 345.128998 8
496.519012 231.653000 6
85.151001 142.179001 3
220.173004 465.782013 0
151.533997 315.213989 7
676.620972 140.988998 0
425.996002 367.084991 1
445.329987 163.444000 5
221.214996 88.864998 4
402.787994 399.480988 1
401.391998 268.270996 1
675.367981 468.875000 0
565.583008 151.671997 6
534.710022 432.436005 2
520.849976 77.856003 5
543.333984 219.389008 6
559.947021 344.312988 2
141.667999 357.731995 7
493.471985 172.016998 5
659.866028 145.636002 2
610.174988 164.259003 2
463.519012 331.493988 1
502.674011 67.574997 5
547.210999 340.217987 2
487.203003 155.054001 5
229.184006 104.714996 4
211.388000 267.143005 1
40.459999 364.661987 1
237.690994 202.912994 0
390.266998 288.207001 1
460.424011 57.477001 5
427.266998 315.885986 1
533.908997 447.316986 2
321.385010 451.438995 0
621.208008 451.384003 2
195.906006 101.379997 4
337.625000 78.402000 0
249.860992 370.286987 0
468.671997 290.562988 0
633.299988 419.558014 2
638.491028 263.458008 2
155.472000 138.792007 3
668.719971 331.347992 9
446.385010 375.790985 1
643.697021 233.820007 2
365.789001 392.415009 1
486.675995 207.205002 6
28.429001 162.774002 3
139.787994 171.600006 3
605.737000 317.272003 0
305.635986 93.765999 4
550.406982 429.627991 2
239.699997 164.975998 3
530.088013 296.438995 2
509.580994 247.964005 6
37.153000 330.001007 1
373.915985 260.790009 1
161.800003 342.645996 7
312.049011 122.978996 0
651.466003 212.537003 2
157.184006 211.024002 0
382.388000 167.429993 0
555.156006 140.128998 6
517.562988 342.687988 2
156.309998 430.868011 1
633.557007 219.878006 2
631.263000 209.037003 2
309.069000 353.421997 8
619.119019 262.878998 2
650.054016 437.635986 2
578.947998 412.638000 2
516.293030 396.472992 2
322.567993 203.552994 0
324.688995 98.125999 4
496.183990 308.752014 0
216.106003 380.601990 0
33.757999 460.664001 0
432.295013 187.367996 0
79.592003 76.397003 4
505.800995 227.197006 6
133.020996 168.507004 3
307.717010 180.578003 3
337.158997 66.889999 0
607.791016 367.140015 0
47.486000 210.742004 0
496.434998 124.014999 6
158.358994 111.598000 4
436.248993 158.343994 5
660.648987 146.057007 2
345.587006 406.005005 1
246.554993 109.607002 4
376.740997 222.345001 0
135.884995 322.669006 7
587.770020 273.713013 2
588.979004 296.993011 2
351.812012 368.178986 8
232.806000 439.588989 1
467.828003 146.792007 5
331.101013 308.028015 8
51.235001 166.697006 3
332.037994 329.566986 8
210.488998 142.259995 3
368.291992 266.548004 1
614.422974 205.113007 2
594.770020 413.350006 2
522.583984 107.244003 0
319.819000 93.380997 4
147.041000 318.235992 7
556.880005 129.380005 6
541.911011 320.734009 2
666.361023 272.390015 0
523.780029 353.627014 2
643.788025 79.888000 2
521.210022 123.622002 6
37.363998 85.425003 4
533.984009 122.546997 6
218.959000 420.131012 1
371.816986 422.007996 1
647.758972 120.481003 2
268.936005 113.037003 4
260.079987 84.649002 4
551.169006 201.645004 6
272.670013 49.078999 0
183.845001 254.069000 1
657.289001 282.923004 0
89.361000 303.098999 1
601.072021 108.820999 0
637.851990 440.880005 2
431.658997 123.660004 5
229.610001 380.328003 0
91.754997 392.940002 1
206.451996 426.683014 1
69.579002 99.589996 4
624.721985 107.380997 2
119.538002 392.367004 1
204.171997 109.783997 4
603.932983 219.029999 2
140.839996 113.351997 4
156.341003 458.144989 0
570.796997 159.531998 6
355.998993 284.105988 1
345.122009 281.928009 1
73.542999 302.657013 1
117.334000 85.002998 4
99.083000 95.623001 4
428.665009 126.794998 5
504.032990 253.860992 6
54.681999 180.358002 3
272.306000 162.854996 3
30.129999 335.924988 1
153.212997 372.875000 7
25.605000 325.390991 1
421.130005 48.554001 0
304.118988 141.563995 3
119.357002 271.148987 1
442.001007 133.891006 5
120.775002 390.184998 1
158.442001 256.958008 1
433.424988 89.113998 5
544.190002 351.438995 2
642.366028 345.062988 9
153.695999 183.013000 3
191.475006 248.979004 1
554.854980 194.481003 6
163.283005 357.158997 7
517.570007 307.311005 2
153.804993 420.488007 1
51.939999 426.623993 0
108.384003 85.649002 4
412.196991 298.033997 1
541.593018 376.772003 2
258.109009 270.138000 1
141.477997 367.346008 7
212.710007 180.664993 3
638.947021 307.286011 9
559.880981 445.929993 2
414.194000 315.346008 1
527.396973 75.471001 5
309.053986 271.596008 1
481.769989 59.764999 5
616.215027 194.692001 2
359.907990 261.221008 1
228.701996 104.393997 4
120.665001 425.105988 1
453.441010 317.450012 1
618.890991 273.381989 2
488.473999 83.054001 5
268.415009 440.296997 1
355.627014 290.566986 1
650.752991 106.275002 2
609.559998 258.665985 2
156.552002 112.412003 4
529.145996 213.373993 6
49.973000 433.299011 0
358.437012 265.584015 1
431.419006 145.755005 5
105.994003 81.689003 4
524.026978 299.351013 2
174.033005 96.694000 4
102.415001 87.267998 4
414.843994 292.890991 1
611.062012 236.787003 2
191.181000 349.959015 7
292.513000 276.385986 1
170.369995 88.633003 4
442.085999 309.554993 1
54.366001 311.601013 1
100.299004 55.071999 0
506.381012 55.862999 5
309.265991 255.544998 1
464.484985 335.524994 1
194.449997 379.445007 0
52.751999 326.516998 1
108.035004 264.540985 1
103.443001 275.113007 1
321.941986 272.235992 1
119.943001 421.766998 1
613.658020 445.601013 2
691.171997 66.835999 0
309.149994 419.242004 1
564.544006 310.093994 2
564.044006 159.546005 6
351.368988 258.907990 1
174.166000 156.988007 3
334.174011 380.343994 8
253.628006 176.826996 3
162.182007 334.562012 7
347.105011 363.760986 8
165.358002 101.518997 4
644.038025 158.098007 2
507.993011 254.287994 6
544.620972 383.035004 2
335.777008 326.621002 8
609.770020 227.156998 2
345.196991 351.029999 8
308.510986 346.748993 8
451.223999 145.774994 5
608.452026 292.131012 2
183.123001 86.739998 4
654.479980 427.131989 2
80.211998 173.904007 3
26.441999 375.308990 1
217.643997 429.118011 1
646.875000 444.993011 2
506.799988 351.681000 2
595.383972 448.040985 2
276.088013 90.628998 4
294.131989 173.787003 3
79.601997 392.322998 1
655.874023 420.082001 2
88.149002 161.701004 3
133.778000 96.550003 4
149.748001 177.444000 3
443.709991 367.837006 1
350.747986 323.821014 8
57.181000 288.085999 1
555.919006 231.330002 6
95.350998 302.390991 1
450.235992 343.704987 1
46.910000 93.008003 4
231.177002 274.618988 1
441.214996 86.745003 5
455.645996 75.527000 5
354.667999 341.399994 8
280.463013 153.158005 3
497.612000 346.026001 0
501.173004 209.048996 6
645.263000 212.494995 2
317.256012 309.464996 8
300.058990 132.735992 0
126.082001 394.157990 1
429.493988 355.828003 1
654.520020 373.347992 9
32.537998 29.874001 0
142.261002 77.667000 4
564.010010 432.730011 2
304.115997 257.178009 1
308.024994 164.735001 3
232.841003 426.648010 1
612.083984 165.335007 2
126.171997 329.498993 7
290.523010 157.410004 3
627.924011 203.328003 2
152.261993 71.196999 4
591.130005 404.273987 2
326.963013 326.903992 8
370.337006 190.397995 0
330.787994 180.082001 3
151.707001 78.414001 4
589.546997 288.450989 2
473.809998 148.496002 5
545.245972 354.683990 2
639.184998 187.488998 2
656.684998 298.529999 0
277.188995 162.610001 3
276.652008 405.229004 1
303.837006 435.479004 1
632.447998 192.783005 2
20.410999 163.542999 3
412.507996 393.212006 1
58.841000 107.244003 4
435.696991 335.773010 1
598.268982 228.289993 2
558.700012 146.264008 6
630.961975 164.268005 2
341.529999 321.295013 8
148.658005 310.898010 7
39.661999 164.313995 3
210.009003 171.345001 3
621.991028 241.451996 2
410.635986 293.777008 1
91.571999 364.098999 0
238.542999 279.132996 1
564.601013 366.442993 2
386.359985 240.244003 0
268.679993 260.722992 1
70.307999 144.132996 3
412.675995 304.782990 1
592.127014 253.712997 2
449.059998 96.286003 5
623.942017 242.761993 2
238.451004 406.907990 1
86.834999 161.037994 3
96.867996 88.463997 4
330.821014 174.278000 3
247.128006 263.612000 1
559.487000 230.511993 6
447.727997 352.005005 1
75.721001 392.820007 1
546.859009 441.519989 2
486.315002 77.067001 5
214.645004 437.125000 1
601.466003 191.121994 2
116.703003 154.315994 3
72.301003 310.144012 1
149.487000 350.862000 7
596.130005 437.891998 2
529.145996 440.194000 2
35.727001 295.325989 1
662.056030 342.528992 9
329.033997 86.445999 4
633.244995 322.492004 9
502.875000 340.617004 0
113.540001 393.121002 1
555.476990 422.029999 2
646.127014 329.862000 9
638.429016 69.833000 2
488.710999 218.802002 6
157.011002 50.212002 0
168.554993 143.660004 3
229.983002 270.752991 1
161.360001 158.388000 3
557.575012 195.173996 6
74.208000 274.562988 1
223.647995 97.890999 4
611.283997 432.894012 2
460.028015 316.214996 1
424.130005 96.150002 5
70.554001 138.330994 3
540.382019 372.200989 2
319.795990 274.157990 1
190.654007 407.865997 1
133.869995 335.019989 7
276.389008 163.718994 3
182.285995 402.954010 1
531.919983 355.584991 2
516.499023 119.601997 6
351.076996 315.341003 8
164.522003 280.679993 1
674.575012 410.329987 2
100.364998 318.505005 0
466.550995 55.700001 5
616.351990 120.436996 2
54.111000 109.125000 4
581.997009 309.536987 2
613.565002 264.571014 2
404.151001 290.877014 1
47.826000 327.782990 1
551.348999 159.414993 6
157.386002 52.582001 0
342.770996 282.610992 1
623.065002 175.311005 2
97.546997 439.266998 0
282.576996 111.933998 4
114.408997 395.100006 1
653.000000 117.688004 2
229.634003 413.161011 1
280.828003 112.178001 4
71.538002 85.821999 4
277.721008 255.949997 1
611.046021 256.673004 2
566.963989 293.506989 2
40.082001 308.489990 1
131.647003 428.019989 1
625.734985 129.759995 2
233.244003 267.003998 1
490.429993 170.147003 5
457.876007 50.035999 5
624.570984 223.990997 2
62.589001 370.031006 1
88.208000 395.247009 1
476.503998 219.401001 6
175.442993 423.556000 1
272.631989 374.274994 0
40.106998 108.820999 4
456.743988 170.561996 5
395.718994 386.118011 1
313.786987 335.829010 8
651.422974 329.337006 9
318.621002 424.338989 1
259.855011 106.153000 4
548.778992 186.960999 6
613.737000 428.204987 2
173.949997 432.247986 1
33.903999 75.584000 4
259.119995 88.228996 4
295.781006 263.855988 1
271.019989 433.940002 1
508.717010 122.723000 6
355.859009 394.457001 1
114.906998 420.795990 1
490.804993 207.901993 6
629.500000 162.934006 2
619.395996 420.924011 2
193.755997 178.921005 3
532.112976 131.972000 6
496.272003 278.877014 0
161.382996 346.954010 7
647.056030 324.765991 9
352.927002 262.386993 1
55.134998 382.346008 1
234.380997 261.789001 1
448.923004 60.992001 5
47.650002 377.377014 1
614.242981 404.513000 2
552.546021 431.662994 2
424.803009 289.434998 1
96.295998 40.417999 0
467.677002 326.963989 1
88.879997 146.820007 3
67.905998 94.487999 4
498.269012 221.731003 6
367.471985 342.513000 8
561.195984 389.204987 2
448.229004 74.790001 5
546.091980 350.246002 2
656.057007 243.156998 2
27.955999 336.045990 1
319.294006 329.545013 8
88.706001 176.684998 3
456.951996 300.670990 1
336.209991 399.881012 1
296.071014 271.731995 1
64.744003 158.330994 3
275.420013 425.390991 1
468.571014 154.660995 5
395.890015 379.558014 1
176.962006 400.602997 1
174.128998 410.992004 1
153.593002 409.774994 1
238.388000 258.166992 1
526.026001 304.893005 2
137.104004 271.696991 1
153.729004 168.953003 3
375.437988 426.635010 1
54.256001 301.992004 1
84.650002 91.606003 4
198.940994 181.503006 3
466.588013 170.358994 5
331.157013 177.628998 3
37.481998 321.958008 1
511.716003 85.905998 5
539.062012 354.104004 2
512.455994 416.987000 2
332.075989 275.980988 1
324.865997 350.670013 8
367.772003 467.677002 0
56.866001 290.480988 1
36.077000 359.302002 1
36.126999 194.513000 0
151.128998 329.513000 7
68.915001 87.277000 4
421.292999 368.027008 1
240.766006 258.825989 1
520.380981 124.810997 6
486.265991 225.970993 6
510.865997 349.673004 2
248.300995 167.835999 3
14.943000 109.986000 0
135.242004 264.537994 1
272.992004 188.348007 0
641.893982 260.898010 2
642.372009 336.217010 9
566.937988 321.627014 2
83.333000 151.750000 3
264.889008 421.884003 1
501.681000 224.604004 6
465.496002 171.522003 5
496.628998 150.209000 5
474.394012 90.543999 0
630.507019 168.143997 2
502.069000 84.945000 5
602.859009 107.010002 0
342.622986 325.799011 8
181.108002 266.237000 1
271.634003 365.428009 0
258.335999 153.634003 3
572.583984 310.578003 2
109.786003 413.450012 1
92.598999 420.669006 1
625.935974 112.658997 2
133.453003 289.019989 1
123.494003 404.996002 1
274.260986 86.632004 4
528.510010 145.593994 6
341.917999 339.516998 8
230.897003 171.483002 3
199.059006 256.773987 1
221.328995 275.558014 1
212.914001 91.778999 4
627.254028 340.165985 9
517.525024 135.085007 6
565.257019 225.203995 6
133.326004 361.270996 7
67.842003 32.918999 0
626.469971 128.632996 2
646.815002 132.509995 2
625.693970 459.377991 2
435.459991 348.162994 1
103.601997 389.091003 1
592.161011 407.854004 2
289.294006 152.195007 3
423.812988 341.303009 0
216.889999 40.529999 0
434.226013 100.897003 5
299.951996 273.015015 1
316.479004 180.695999 3
184.158997 181.393997 3
49.705002 382.511993 1
238.479996 260.670990 1
644.770020 129.854996 2
651.528015 138.403000 2
645.763000 121.169998 2
158.766006 351.059998 7
158.873001 304.665985 7
79.989998 399.941986 1
224.552994 172.164001 3
506.337006 55.812000 5
97.140999 304.058014 1
36.789001 97.448997 4
152.479004 377.285004 7
657.643982 44.185001 0
549.851990 456.408997 2
222.302994 161.848007 3
339.567993 346.404999 8
551.853027 43.108002 0
26.532000 169.671005 3
36.666000 165.397995 3
432.829010 164.287994 0
464.184998 218.973999 6
175.567993 353.932007 7
653.919006 179.746002 2
124.792999 348.795013 7
490.101013 56.146999 5
554.601013 194.904999 6
508.815002 54.483002 5
255.455002 172.550995 3
543.249023 347.808014 2
525.994995 118.953003 6
312.286987 111.995003 4
235.339996 26.372000 0
458.480988 336.726013 1
479.657990 212.089005 6
134.018997 282.917999 1
161.046997 167.031998 3
160.617996 408.389008 1
512.437012 244.548996 6
102.646004 160.132996 3
271.821014 185.621002 3
499.779999 161.895996 5
158.514008 27.806000 0
551.369995 298.729004 2
639.921021 416.484985 2
372.532990 83.910004 0
317.621002 108.413002 4
319.989014 82.982002 4
522.895020 318.709015 2
239.255005 228.132004 0
427.455994 134.679993 5
263.578003 110.153999 4
300.118988 345.110992 8
653.625977 430.970001 2
343.329010 369.993988 8
436.881012 365.071014 1
129.936005 290.687012 1
556.302979 198.563995 6
644.117981 349.385986 9
216.615005 37.844002 0
279.950012 94.095001 4
548.299988 152.550995 6
59.560001 394.497986 1
461.595001 69.349998 5
634.624023 92.684998 2
558.958008 439.269012 2
335.207001 418.160004 1
193.147995 246.570007 1
47.862999 148.737000 3
400.566010 401.707001 1
534.138000 337.075989 2
214.039993 110.087997 4
66.930000 161.462997 3
28.518000 323.885986 1
528.968018 122.713997 6
173.638000 179.554993 3
22.886999 315.179993 1
559.263000 143.604004 6
618.481018 344.968994 9
164.078995 91.507004 4
467.278015 171.283997 5
556.708984 316.790985 2
188.634003 411.454987 1
60.924999 378.114990 1
106.712997 158.567993 3
275.488007 408.147003 1
41.708000 347.080994 1
432.437012 311.365997 1
21.540001 96.425003 4
377.191010 109.823997 0
24.172001 343.841003 1
178.673996 284.100006 1
514.143982 129.276001 6
684.469971 351.195007 9
157.382996 205.356995 0
510.950989 126.253998 6
623.473999 391.352997 2
637.362976 310.112000 9
634.325989 138.904999 2
286.787994 278.920013 1
217.438004 441.872986 1
179.408005 367.941986 7
171.268997 99.591003 4
274.084991 419.213013 1
613.026978 248.681000 2
237.820007 168.024994 3
656.827026 170.574005 2
665.525024 311.744995 9
540.101990 252.257004 6
267.868011 149.033005 3
241.117004 265.010010 1
314.509003 405.773987 1
528.705017 144.860992 6
542.822021 330.971985 2
611.120972 288.272003 2
32.124001 169.835007 3
631.776001 402.169006 2
545.742981 122.257004 6
325.927002 100.549004 4
92.286003 295.358002 1
385.503998 263.186005 1
215.042999 411.196991 1
649.169983 316.174011 9
596.122009 280.356995 2
277.187012 50.123001 0
67.975998 157.570007 3
315.609985 100.106003 4
626.822998 247.104996 2
644.083008 85.889999 2
376.906006 107.985001 0
599.374023 413.292999 2
20.355000 75.446999 4
549.710022 411.792999 2
513.166992 84.627998 5
341.677002 412.277008 1
633.768005 438.717987 2
430.118011 366.070007 1
234.621002 420.167999 1
459.317993 304.739990 1
31.816000 269.490997 0
49.958000 307.609009 1
624.659973 458.544006 2
520.026001 223.936996 6
429.557007 370.873993 1
403.957001 307.222992 1
535.627014 140.856003 6
187.298996 103.680000 4
321.704987 107.946999 4
73.977997 100.793999 4
177.628998 375.407990 7
403.821991 298.033997 1
300.255005 69.950996 4
44.019001 183.253998 3
529.088989 85.565002 5
316.306000 449.720001 0
427.561005 139.399994 5
96.811996 139.725006 3
488.153992 149.151001 5
328.932007 355.601990 8
552.862000 41.332001 0
426.350006 416.700989 0
654.526978 415.213989 2
337.756012 432.272003 1
431.992004 50.605000 5
529.750000 91.084999 5
649.799011 419.572998 2
383.829987 398.269012 1
503.459015 90.054001 5
361.161987 352.626007 8
176.460999 256.299988 1
364.118011 275.187012 1
517.559021 238.296997 6
79.410004 312.385010 1
456.877014 309.286987 1
453.812012 330.363007 1
112.038002 266.480988 1
604.408997 193.248993 2
113.735001 451.510010 0
365.545013 26.503000 0
246.042999 140.806000 3
245.315002 70.517998 4
605.193970 198.729004 2
543.606018 376.454010 2
146.537994 273.415009 1
313.734985 438.216003 1
274.154999 151.121002 3
146.962997 343.812012 7
228.440994 344.549988 0
545.802979 295.734985 2
496.019012 299.809998 0
377.362000 145.630997 0
537.369019 135.404999 6
478.368011 357.381012 1
634.114014 433.450012 2
207.701996 164.740997 3
216.882996 317.929993 0
633.005005 214.638000 2
582.921021 272.690002 2
48.979000 323.148987 1
534.245972 219.477005 6
95.790001 173.679993 3
637.531982 313.834015 9
184.455994 263.634003 1
232.057999 252.199005 1
602.971985 150.763000 0
645.991028 76.435997 2
324.776001 47.397999 0
550.383972 139.181000 6
109.367996 174.509003 3
324.644012 79.393997 4
168.783997 250.097000 1
524.663025 249.332001 6
574.252014 290.972992 2
497.046997 95.819000 0
477.010986 43.278999 5
544.224976 414.717987 2
324.276001 405.121002 1
500.648987 230.050003 6
558.083984 344.408997 2
309.371002 348.778015 8
58.116001 238.679993 0
544.304993 392.803009 2
511.977997 62.112000 5
488.656006 49.910000 5
632.078979 229.300995 2
623.487976 217.162003 2
644.817017 455.401001 2
243.104996 77.766998 4
394.664001 231.298996 0
369.136993 287.411011 1
317.820007 80.373001 4
385.101013 288.636993 1
553.138000 367.962006 2
392.169006 391.401001 1
29.250000 110.994003 4
241.302994 410.138000 1
591.562988 282.493011 2
165.319000 467.002991 0
228.990005 273.638000 1
295.316986 424.466003 1
632.637024 392.834991 2
112.639999 174.794998 3
211.501999 75.518997 4
461.567993 72.370003 5
440.992004 62.826000 5
92.330002 395.157013 1
278.160004 430.859009 1
629.744019 422.239014 2
514.726013 352.324005 2
155.654999 378.908997 7
66.711998 153.169998 3
645.575012 423.791992 2
614.255005 242.220001 2
615.049011 424.364014 2
627.604004 129.175995 2
639.416016 342.035004 9
39.000999 78.473000 4
438.796997 115.728996 5
21.398001 310.923004 1
507.082001 167.220993 5
527.401978 394.847992 2
341.178986 270.704987 1
527.716003 307.204010 2
545.049988 343.299011 2
20.507999 104.330002 4
36.661999 104.369003 4
305.911011 421.604004 1
475.622986 40.736000 5
234.123993 269.299988 1
176.632004 371.200012 7
539.492004 440.441986 2
94.842003 135.203995 3
564.088013 373.161011 2
204.796005 97.933998 4
24.368999 347.033997 1
482.309998 243.417999 6
65.293999 376.277008 1
549.942993 317.278992 2
458.369995 86.004997 5
427.535004 140.841995 5
633.658997 79.555000 2
117.547997 402.826996 1
172.761993 324.575989 7
36.710999 368.230988 1
313.976990 272.813995 1
67.602997 392.697998 1
243.130005 110.615997 4
371.605988 334.967987 8
88.966003 176.800003 3
347.766998 404.296997 1
506.118988 92.783997 5
104.389999 139.487000 3
264.897003 415.571991 1
280.071991 191.677994 0
205.186996 416.304993 1
658.601013 400.339996 2
240.733002 151.619995 3
501.575012 240.343002 6
296.123993 80.073997 4
399.773987 381.618988 1
484.973999 215.156006 6
482.286987 72.296997 5
600.877991 218.716995 2
661.429993 372.276001 9
283.488007 100.249001 4
29.121000 146.722000 3
648.567993 204.735001 2
84.971001 293.795013 1
155.304993 75.504997 4
315.705994 371.246002 8
638.075989 395.519012 2
567.028992 155.563995 6
34.859001 102.932999 4
322.812988 179.022003 3
143.856003 90.405998 4
310.351013 265.140015 1
444.528992 376.501007 1
626.590027 225.893005 2
555.591980 336.678009 2
526.419006 138.341003 6
399.186005 79.236000 0
545.364014 434.648987 2
309.290009 68.686996 4
383.730988 281.222992 1
100.616997 159.143997 3
43.667999 291.398987 1
247.067993 77.082001 4
176.147995 244.867996 1
523.346985 307.334015 2
516.882019 408.386993 2
528.601013 80.789001 5
446.259003 336.796997 1
334.898010 420.326996 1
494.740997 176.848999 5
539.702026 233.505997 6
657.992981 271.325012 0
241.923996 423.105011 1
85.893997 394.246002 1
645.143982 100.236000 2
226.852005 68.191002 4
603.585999 224.449005 2
472.407013 362.644012 1
31.261999 227.115005 0
97.708000 224.436005 0
427.462006 226.625000 0
16.011000 350.045013 1
135.582001 408.735992 1
295.407990 409.346008 1
642.065979 200.341995 2
260.778015 412.066986 1
194.470993 157.386993 3
92.758003 279.356995 1
169.697998 411.855988 1
587.185974 142.753998 0
496.092010 204.783005 6
358.332001 426.279999 1
429.595001 419.696991 0
176.645996 160.117996 3
543.885010 315.920990 2
155.746994 93.084999 4
563.966003 441.789001 2
175.250000 81.763000 4
407.306000 380.221008 1
106.319000 76.723999 4
154.207993 229.276993 0
471.562012 60.813999 5
192.332993 344.489014 7
278.998993 264.144989 1
285.610992 116.195999 4
32.783001 69.609001 4
528.734009 123.216003 6
433.059998 348.891998 1
376.852997 412.782990 1
44.091999 143.231003 3
515.718018 419.367004 2
292.010986 406.990997 1
281.390015 267.769012 1
35.945000 177.561996 3
171.985992 250.235992 1
578.190979 393.381989 2
626.460999 316.053009 9
321.894989 86.941002 4
335.011993 334.578003 8
645.552002 167.330994 2
76.445000 76.889000 4
345.812012 272.641998 1
94.321999 383.476990 1
61.673000 288.597992 1
102.501999 412.378998 1
190.988007 175.787003 3
614.085999 282.567993 2
429.002991 84.120003 5
342.325012 403.127014 1
225.578995 148.841003 3
129.897995 326.106995 7
195.841003 259.089996 1
557.013977 386.488007 2
234.843002 170.406998 3
641.059021 422.101990 2
584.539978 291.368988 2
277.384003 186.223007 3
119.815002 296.545013 1
90.032997 159.981003 3
440.968994 301.859009 1
524.815002 326.561005 2
487.795013 238.763000 6
260.979004 270.351990 1
572.038025 195.970001 6
406.928009 304.687988 1
43.702000 325.634003 1
171.425995 429.852997 1
526.802002 96.915001 5
107.225998 111.175003 4
564.637024 382.723999 2
154.565994 357.726013 7
631.900024 92.063004 2
520.763977 240.516006 6
271.911987 321.330994 0
633.247986 263.679993 2
214.988007 74.723000 4
645.929016 317.108002 9
357.536011 395.640991 1
485.614990 96.125999 0
45.844002 371.871002 1
114.504997 395.536011 1
27.836000 144.621994 3
50.796001 167.343002 3
530.918030 125.498001 6
567.260986 341.539001 2
506.592987 380.705994 2
247.113998 330.040009 0
92.806000 383.615997 1
448.018005 195.412003 0
146.460999 144.837997 3
313.045990 157.845001 3
111.038002 193.479996 0
34.948002 325.100006 1
487.132996 205.447006 6
663.104004 332.218994 9
447.278015 359.066986 1
189.858002 78.527000 4
142.145996 332.209015 7
618.682007 179.580994 2
430.682007 293.412994 1
551.870972 163.962997 6
642.500000 87.838997 2
604.807007 387.424011 2
636.190002 236.904007 2
612.671997 454.149994 2
660.043030 342.651001 9
439.800995 381.091003 1
164.988007 157.222000 3
237.871994 101.487000 4
376.398010 251.574005 0
171.087006 381.148010 7
611.492004 402.035004 2
493.307007 267.709015 0
76.344002 281.510986 1
326.200989 99.582001 4
321.476990 333.908997 8
191.891006 343.897003 7
535.356995 333.618011 2
202.733994 248.651993 1
299.985992 258.925995 1
485.223999 67.012001 5
32.098999 143.035004 3
449.446014 387.178986 1
546.895996 403.263000 2
452.345001 172.598999 5
183.244003 437.523010 1
493.420990 157.382004 5
522.372009 376.575989 2
377.341003 259.234009 1
235.862000 106.819000 4
639.146973 233.531998 2
278.433990 262.941010 1
309.731995 393.479004 0
267.790009 258.545990 1
631.181030 90.578003 2
508.049988 52.537998 5
100.722000 93.274002 4
144.733994 104.077003 4
176.011993 420.377014 1
179.201996 346.053986 7
485.140991 76.456001 5
223.403000 281.411987 1
631.429993 210.477997 2
148.916000 147.787003 3
297.536987 247.539993 1
64.690002 76.367996 4
447.364990 103.667999 5
271.278015 332.119995 0
234.675995 86.800003 4
337.523010 345.089996 8
335.742004 451.654999 0
635.520020 199.740005 2
518.632996 216.688004 6
146.598007 257.359009 1
171.093002 438.648987 1
610.315002 279.406006 2
584.460022 265.471008 2
329.533997 176.617004 3
523.752014 400.825989 2
602.632019 213.401993 2
486.841003 362.226990 0
279.992004 423.596008 1
602.244995 40.680000 0
476.960999 172.669998 5
178.891998 159.417007 3
548.078003 221.695999 6
546.742004 412.304993 2
314.563995 165.723007 3
609.617004 241.994995 2
521.398010 336.101013 2
383.414001 415.200012 1
49.207001 382.213989 1
381.522003 386.890991 1
168.535004 251.455002 1
302.003998 173.470001 3
649.112000 175.884995 2
421.923004 284.760986 1
312.558990 144.434006 3
311.795013 333.643005 8
303.769989 323.378998 8
524.096008 142.768997 6
319.687988 360.279999 8
474.274994 227.440994 6
256.789001 151.175995 3
229.033005 411.661987 1
65.473999 397.864014 1
347.377991 272.671997 1
615.052002 273.105988 2
611.297974 168.945999 2
633.658020 372.449005 9
459.027008 309.032013 1
260.273987 146.505997 3
73.699997 408.875000 1
558.379028 173.087006 6
235.621002 417.463013 1
323.084015 347.411011 8
216.647003 239.395996 1
279.721985 408.328003 1
262.166992 282.890991 1
153.923004 113.544998 4
41.098999 339.342010 1
607.742004 180.203995 2
83.320000 89.424004 4
216.735992 88.333000 4
521.854004 138.205994 6
537.989990 217.917007 6
464.638000 57.016998 5
536.460022 252.884003 6
579.018005 433.463013 2
345.263000 342.453003 8
625.443970 145.546997 2
142.535995 80.945000 4
620.479004 123.251999 2
145.123993 107.806999 4
59.900002 150.539993 3
462.738007 300.196014 1
6.615000 355.303009 1
76.528000 164.358002 3
672.075012 461.928009 0
425.955994 78.905998 5
309.053009 274.187988 1
144.610992 275.852997 1
27.033001 164.820007 3
45.832001 84.489998 4
308.729004 363.804993 8
272.841003 101.612000 4
541.531982 462.282013 2
634.622009 163.041000 2
374.923004 450.614990 0
400.075012 404.002014 1
370.816010 328.158997 8
444.098999 78.235001 5
77.466003 107.932999 4
429.455994 280.464996 1
69.036003 279.753998 1
636.786987 400.260986 2
278.726013 154.126007 3
143.626007 152.654999 3
546.604980 151.649994 6
253.998993 150.451996 3
531.421021 430.824005 2
99.203003 96.121002 4
320.522003 409.815002 1
658.268005 100.375999 2
118.059998 169.279007 3
626.737976 152.893997 2
200.697998 139.845993 3
270.371002 434.949005 1
633.077026 198.802002 2
619.307007 407.014008 2
20.122000 112.334999 0
351.338013 309.718994 8
267.489014 129.692001 0
337.696991 425.170990 1
448.850006 141.901001 5
504.015991 164.453003 5
610.622009 176.343002 2
446.605988 163.869003 5
606.039001 457.238007 2
676.497009 348.515015 9
235.531006 172.255005 3
613.867981 158.554001 2
506.014008 336.845001 2
274.747986 165.606995 3
34.754002 366.781006 1
431.020996 248.694000 0
338.524994 328.957001 8
637.921997 396.260010 2
545.742981 446.433014 2
430.923004 124.592003 5
116.289001 298.776001 1
401.519989 309.010010 1
300.924988 97.690002 4
196.729996 263.447998 1
103.564003 350.260010 0
604.254028 223.408005 2
133.973007 165.098007 3
658.322021 427.105988 2
327.389008 71.249001 4
39.332001 166.041000 3
581.315979 303.257996 2
542.966003 213.690002 6
154.345993 296.479004 0
617.968018 439.549988 2
208.675003 81.639000 4
506.164001 404.553009 2
475.152008 211.815002 6
643.999023 136.705002 2
51.381001 309.338989 1
63.794998 363.479004 1
400.397003 397.984009 1
468.273010 149.522995 5
618.039001 269.868988 2
644.646973 325.904999 9
431.398010 69.154999 5
153.738998 404.411011 1
45.594002 173.074997 3
627.568970 135.794998 2
226.104996 112.467003 4
285.838013 415.463013 1
45.886002 374.444000 1
360.470001 261.147003 1
259.062012 259.846985 1
271.118011 359.421997 0
318.265015 159.479996 3
530.979980 335.225006 2
574.955017 297.113007 2
602.388977 74.783997 0
188.684998 71.897003 4
416.678986 464.031006 0
405.028992 111.981003 0
348.983002 398.250000 1
514.638977 216.942001 6
156.787994 249.529007 1
634.796021 212.666000 2
94.136002 383.312988 1
586.182007 418.565002 2
487.414001 291.605988 0
536.594971 243.718994 6
620.744995 209.016006 2
47.247002 334.609009 1
195.406998 76.619003 4
593.286011 445.037994 2
241.768997 106.866997 4
277.942993 306.738007 0
421.674011 319.720001 1
496.828003 386.506012 0
345.890015 281.589996 1
615.254028 243.125000 2
659.807983 437.686005 2
172.964996 86.811996 4
144.522995 276.057007 1
114.928001 171.688995 3
644.213013 224.598999 2
474.529999 364.428986 1
271.355011 161.048004 3
571.614014 453.330994 2
101.101997 292.906006 1
518.815002 349.800995 2
545.757996 289.376007 2
190.011993 181.677002 3
638.122986 402.947998 2
528.479004 126.851997 6
105.711998 164.574997 3
245.953995 162.750000 3
127.010002 423.367004 1
640.611023 364.915985 9
169.014999 411.016998 1
484.479004 201.807999 6
66.847000 151.070999 3
407.057007 406.286987 1
681.466003 328.101013 9
348.122986 430.612000 1
496.552002 429.748993 0
466.398987 317.743011 1
432.759003 73.504997 5
356.734985 317.227997 8
47.453999 140.403000 3
524.335999 245.014999 6
91.934998 111.961998 4
457.114014 79.674004 5
197.192993 349.639008 7
113.973000 78.928001 4
352.105011 401.843994 1
507.532990 49.271000 5
75.042000 77.917999 4
487.109009 159.311996 5
622.927979 342.459015 9
552.028015 65.168999 0
111.712997 400.171997 1
422.181000 143.794006 5
121.113998 396.876007 1
651.400024 369.423004 9
79.913002 158.710999 3
525.205994 410.265991 2
619.364990 89.899002 2
300.983002 182.070999 3
550.072998 397.272003 2
510.197998 391.352997 2
462.812012 333.131012 1
564.622986 39.000999 0
646.536011 113.888000 2
641.250977 195.324005 2
106.088997 405.627014 1
242.714996 156.768005 3
653.362000 445.377014 2
552.820007 282.967010 2
157.445007 116.146004 4
427.529999 369.268005 1
496.799988 419.056000 0
207.832001 148.335007 3
504.127014 126.344002 6
559.182007 452.682007 2
80.470001 99.037003 4
588.252991 281.569000 2
622.302979 96.938004 2
430.045013 324.214996 1
107.822998 413.303009 1
623.976990 204.332001 2
659.341003 96.809998 2
616.671021 157.800003 2
512.500977 118.821999 6
659.622009 303.381012 9
324.011993 166.567001 3
544.335999 365.088989 2
473.679993 75.940002 5
109.627998 169.276001 3
444.268005 358.105011 1
671.893982 43.973000 0
432.497009 279.792999 1
185.660004 277.424988 1
216.065994 41.291000 0
40.875999 139.332993 3
523.585022 124.225998 6
172.727997 401.743011 1
140.427002 153.794006 3
244.328003 174.520996 3
208.164993 344.739990 7
25.367001 163.195007 3
421.075012 123.892998 5
486.246002 44.443001 5
287.768005 423.087006 1
157.373001 451.589996 0
34.955002 245.128006 0
496.604004 294.040985 0
431.471008 307.976990 1
298.295013 106.094002 4
479.031006 160.156998 5
252.613998 157.283997 3
605.903015 233.998001 2
116.625999 298.558014 1
340.122009 351.187988 8
326.889008 181.567993 3
71.686996 129.345993 0
184.485001 339.210999 7
586.250977 279.723999 2
288.829987 141.494003 3
181.949005 168.673996 3
497.256989 412.799011 0
302.192993 163.223007 3
541.088989 249.848007 6
100.566002 87.183998 4
661.289978 126.065002 2
96.163002 332.506012 0
178.781006 149.070007 3
356.101013 293.860992 1
191.964996 408.838989 1
107.594002 109.228996 4
184.223007 268.869995 1
128.414993 95.790001 4
56.519001 370.269012 1
569.750977 159.850998 6
647.969971 235.363007 2
117.962997 86.387001 4
481.596008 150.746994 5
18.547001 355.748993 1
530.934021 91.579002 5
132.362000 364.559998 7
621.974976 177.636002 2
614.299988 198.526001 2
321.091003 366.782013 8
432.721008 123.741997 5
321.703003 372.977997 8
73.300003 150.979004 3
124.976997 82.060997 4
531.416992 297.812988 2
163.264999 144.975998 3
336.492004 331.450012 8
620.559021 383.154999 2
220.307007 81.277000 4
452.446014 166.813995 5
399.688995 412.157990 1
152.464996 352.623993 7
120.181999 259.235992 1
477.153015 157.701004 5
367.369995 322.192993 8
495.195007 73.121002 5
190.423996 69.633003 4
552.099976 179.746994 6
152.886002 293.690002 1
96.318001 68.278000 4
420.653992 278.157990 1
116.260002 423.118988 1
160.227997 284.248993 1
547.008972 368.523987 2
518.041016 418.235992 2
435.148010 323.148010 1
174.591995 153.388000 3
472.174011 238.427994 6
547.348022 216.149994 6
184.225006 77.736000 4
171.962997 159.266006 3
45.113998 106.949997 4
603.174011 304.140015 2
485.351013 154.240005 5
135.449997 402.325012 1
496.417999 386.355011 0
43.223000 225.792999 0
170.065994 153.212006 3
87.458000 162.044006 3
32.812000 98.274002 4
110.559998 111.853996 4
539.783020 308.583008 2
585.755005 290.903992 2
643.250977 178.960999 2
326.058990 381.239014 8
390.640015 293.958008 1
168.033997 142.725006 3
607.796021 225.123001 2
445.156006 89.065002 5
112.528000 143.300003 3
677.588989 431.480988 2
657.495972 113.950996 2
602.997009 224.061996 2
666.215027 350.394989 9
501.549988 61.488998 5
491.963013 225.395996 6
387.472992 412.635986 1
444.100006 349.277008 1
604.757996 405.312988 2
116.445999 88.098999 4
507.470001 57.687000 5
383.161011 392.244995 1
325.006989 335.296997 8
333.867004 365.059998 8
108.494003 141.738998 3
128.330002 425.881012 1
674.820984 315.092987 9
60.612999 392.794006 1
158.662003 179.501007 3
169.889999 406.627014 1
348.729004 264.691010 1
197.052994 106.128998 4
246.488007 153.473007 3
321.850006 182.940002 3
667.682983 351.628998 9
625.169983 357.277008 9
298.289001 275.669006 1
543.364014 420.649994 2
476.265991 321.411011 1
57.351002 144.957993 3
317.203003 106.982002 4
590.585022 439.479004 2
35.154999 77.012001 4
380.007996 368.161011 0
316.648010 101.788002 4
527.937988 36.361000 0
457.559998 309.871002 1
166.848007 409.731995 1
140.421997 269.436005 1
414.359009 303.901001 1
112.025002 271.941986 1
167.177002 406.868011 1
308.677002 364.605988 8
462.373993 107.497002 0
563.901001 385.263000 2
178.072006 357.200989 7
216.070007 40.847000 0
54.973000 308.618011 1
42.301998 303.226013 1
681.135986 352.303986 9
657.650024 160.602005 2
534.575012 359.697998 2
677.239990 171.324005 0
447.795013 381.695007 1
140.481003 418.828003 1
166.421997 144.839005 3
601.327026 417.243011 2
490.166992 179.662003 5
522.088013 319.513000 2
550.692017 214.319000 6
648.799011 335.628998 9
469.700989 359.294006 1
261.005005 251.365005 1
448.597992 166.009995 5
462.989990 338.528015 1
290.188995 75.552002 4
639.620972 422.884003 2
630.723999 346.742004 9
291.230988 91.146004 4
407.201996 402.329987 1
433.522003 387.910004 1
405.209991 376.181000 1
504.404999 73.147003 5
432.953003 289.514008 1
494.026001 155.820999 5
531.025024 409.593994 2
518.630981 433.598999 2
219.664993 434.106995 1
668.442993 358.912994 9
175.889999 177.740005 3
310.945007 95.435997 4
476.158997 213.082001 6
134.054993 108.899002 4
146.880997 73.516998 4
282.875000 374.446991 0
437.675995 294.256012 1
263.792999 109.467003 4
565.666992 293.316986 2
645.650024 318.414001 9
450.167999 133.658005 5
666.262024 355.717987 9
272.822998 110.295998 4
558.783020 412.257996 2
179.438004 261.533997 1
395.592010 299.363007 1
70.378998 104.073997 4
553.130981 214.033005 6
422.225006 376.346985 1
582.307983 431.826996 2
9.412000 181.615005 0
197.707001 269.556000 1
425.931000 99.653999 5
565.895020 174.815994 6
528.568970 121.501999 6
602.679016 187.337006 2
151.432999 89.331001 4
150.604004 262.936005 1
146.513000 101.120003 4
167.272003 252.347000 1
574.184998 161.593002 6
602.546021 301.322998 2
354.815002 258.403992 1
502.949005 238.716003 6
581.913025 393.395996 2
95.397003 89.828003 4
451.057007 147.524002 5
364.822998 323.243011 8
543.796997 153.216995 6
55.243000 327.588013 1
485.404999 162.723999 5
573.338989 199.369995 6
75.487999 289.997009 1
626.882996 317.730988 9
428.501007 118.391998 5
638.559021 448.135010 2
184.608002 349.040985 7
549.289001 396.286987 2
174.292007 360.506012 7
275.250000 71.139000 4
629.258972 347.765991 9
373.136993 121.930000 0
134.134995 102.903999 4
517.255005 407.980011 2
298.593994 174.764008 3
486.166992 109.348000 0
201.272003 72.190002 4
57.160999 306.967010 1
449.566986 157.785004 5
518.844971 393.921997 2
639.888000 394.244995 2
87.445000 68.782997 4
349.951996 324.263000 8
645.005005 167.335999 2
40.272999 361.377014 1
539.270020 343.615997 2
70.221001 380.265991 1
261.977997 97.851997 4
459.782013 369.415985 1
324.390991 108.226997 4
466.682007 311.796997 1
627.726013 450.149994 2
639.607971 123.426003 2
574.776001 149.666000 6
342.459991 342.192993 8
656.369019 110.216003 2
538.030029 310.795013 2
321.167999 286.145996 1
138.513000 374.242004 7
140.854996 327.583008 7
139.035004 78.161003 4
72.894997 173.906998 3
362.044006 266.843994 1
408.299011 380.708008 1
662.752991 307.565002 9
534.625000 303.763000 2
344.481995 106.135002 0
343.088013 431.962006 1
284.295013 179.154999 3
126.716003 110.500000 4
317.885010 368.544006 8
159.688995 411.751007 1
296.968994 405.938995 1
577.437988 269.242004 2
19.620001 102.929001 4
491.549988 331.027008 0
381.598999 415.934998 1
432.920013 165.804993 0
623.252014 278.526001 2
650.710022 123.953003 2
443.015991 349.342987 1
529.017029 407.446991 2
559.645996 432.453003 2
98.282997 102.789001 4
72.113998 179.024994 3
537.190979 211.979004 6
415.569000 382.471008 1
497.002991 183.992996 5
531.383972 344.036011 2
570.594971 208.906006 6
464.881012 330.946014 1
81.167999 70.877998 4
563.159973 352.825012 2
629.926025 410.497009 2
504.411011 162.692993 5
662.145996 165.240005 2
288.980011 73.334999 4
66.109001 157.598007 3
54.955002 101.445999 4
352.781006 260.822998 1
242.848007 246.186996 1
79.991997 105.932999 4
614.929993 139.613007 2
629.966003 118.033997 2
437.204987 288.824005 1
324.674011 400.044006 1
454.205994 88.788002 5
264.571014 434.545990 1
423.666992 390.765991 1
386.372986 397.014008 1
635.520996 306.332001 9
563.638000 289.114014 2
601.575989 194.947006 2
438.593994 99.295998 5
121.668999 71.338997 4
178.255997 413.234009 1
327.962006 181.126007 3
153.378006 251.401993 1
427.152008 363.036987 1
230.416000 156.742996 3
471.723999 172.447006 5
568.901978 445.092987 2
380.328003 386.044006 1
84.686996 301.617004 1
510.079987 367.744995 2
34.886002 341.816010 1
504.567993 172.791000 5
442.897003 104.763000 5
159.429993 101.156998 4
208.276993 272.566986 1
228.156006 279.748993 1
192.031006 420.709015 1
143.296997 145.345001 3
271.855988 430.833008 1
18.320999 345.489990 1
630.416992 390.869995 2
51.930000 279.479004 1
28.521000 301.506012 1
306.259003 269.453003 1
573.010986 444.296997 2
644.629028 414.595001 2
452.316010 94.416000 5
504.878998 223.244995 6
638.583008 365.649994 9
167.199005 255.119995 1
570.981018 139.916000 6
435.105011 331.373993 1
496.266998 220.199997 6
100.803001 170.158005 3
536.549988 436.776001 2
446.200012 376.875000 1
661.215027 330.424011 9
341.165985 256.489990 1
568.560974 384.308014 2
34.247002 386.589996 1
296.372009 166.889999 3
608.145996 219.188004 2
457.622009 78.070999 5
21.981001 310.181000 1
129.600006 333.609985 7
560.103027 383.984985 2
184.802994 275.141998 1
196.110992 112.736000 4
605.659973 412.492004 2
10.851000 335.428009 1
119.559998 138.212006 3
235.904007 167.145004 3
172.604996 141.876007 3
236.186996 73.670998 4
642.421021 447.524994 2
626.052979 220.804993 2
153.410004 309.122009 7
648.911011 406.032013 2
532.656982 132.973999 6
299.131989 247.988007 1
276.824005 253.897995 1
45.963001 310.703003 1
53.195999 83.793999 4
663.049988 422.636993 2
8.441000 100.528999 0
558.382996 328.662994 2
317.023987 264.075012 1
116.357002 29.341000 0
284.859009 87.424004 4
441.550995 345.230011 1
607.120972 245.800995 2
524.731995 238.682007 6
406.532990 400.324005 1
249.167999 93.962997 4
223.382996 233.337997 0
638.268005 337.747009 9
647.755981 397.113007 2
441.726990 218.419998 0
114.081001 176.557999 3
216.677994 52.877998 0
650.294983 177.563004 2
507.298004 343.140991 2
632.893005 442.260010 2
662.674011 351.273010 9
333.329010 262.395996 1
200.716003 213.210999 0
149.608994 159.203003 3
359.631989 336.229004 8
160.664993 409.704987 1
231.309998 172.026001 3
561.450989 381.737000 2
484.425995 159.591995 5
550.252991 160.350998 6
431.618011 340.670013 1
566.716980 383.033997 2
123.594002 102.192001 4
487.292999 177.190994 5
64.487999 246.779007 0
165.619995 340.658997 7
205.343994 89.500999 4
589.148010 390.393005 2
50.372002 308.201996 1
29.556999 457.348999 0
516.453003 256.845001 6
436.048004 311.221985 1
376.888000 70.525002 0
216.608994 102.180000 4
485.648010 163.878006 5
612.437012 185.931000 2
436.352997 91.968002 5
434.013000 344.834991 1
206.108994 418.740997 1
522.145996 49.403999 0
629.580994 280.839996 2
193.748001 147.429993 3
560.629028 300.507996 2
516.263977 80.197998 5
596.784973 395.191010 2
500.821991 75.995003 5
207.054993 427.265015 1
625.710999 279.786011 2
634.039978 141.397995 2
175.112000 368.541992 7
146.412003 346.528015 7
249.904007 107.153999 4
205.014008 181.998001 3
571.288025 186.591003 6
639.075989 181.830994 2
340.875000 426.126007 1
166.255005 421.931000 1
530.543030 347.717010 2
67.353996 101.311996 4
551.215027 408.191986 2
463.561005 83.950996 5
657.491028 189.694000 2
517.538025 56.609001 5
28.355000 177.212006 3
345.135986 361.023010 8
606.434021 299.898987 2
325.632996 267.136993 1
9.990000 400.907990 0
544.890015 244.238998 6
631.705017 255.063995 2
296.542999 264.519012 1
544.956970 338.278015 2
339.596008 372.075012 8
558.107971 272.721985 2
573.789001 441.372986 2
262.785004 149.373001 3
216.832993 382.614990 0
111.583000 289.604004 1
658.984985 329.158997 9
109.938004 146.878998 3
652.070984 127.931000 2
496.092987 208.483002 6
517.716003 397.381012 2
349.053986 360.609009 8
208.188004 342.569000 7
299.906006 91.005997 4
591.862976 274.571991 2
302.201996 299.141998 0
585.893982 262.885986 2
31.341000 415.578003 0
18.400999 316.506012 1
128.274994 428.488007 1
63.765999 140.285004 3
68.588997 72.469002 4
646.370972 112.577003 2
244.759995 206.098007 0
79.473999 176.403000 3
118.058998 100.328003 4
310.618988 418.774994 1
535.768005 295.253998 2
559.718018 223.804001 6
63.853001 93.955002 4
380.093994 50.881001 0
235.776993 102.875000 4
642.643005 401.151001 2
525.750000 97.572998 5
171.561005 280.029999 1
593.273010 91.797997 0
513.937012 70.570999 5
584.846985 436.565002 2
102.990997 423.593994 1
159.945007 102.417000 4
18.972000 358.390015 1
554.716003 460.907990 2
85.697998 380.122009 1
164.085999 312.210999 7
558.742004 201.584000 6
95.456001 149.556000 3
216.695999 121.360001 0
411.839996 293.003998 1
642.440979 65.102997 2
687.344971 414.544006 2
94.830002 286.166992 1
241.074997 146.667999 3
647.406006 165.395004 2
450.308014 137.647995 5
634.382019 133.031998 2
546.112000 387.390015 2
39.623001 102.349998 4
356.417999 285.225006 1
574.364014 179.509995 6
35.724998 355.282013 1
607.469971 190.761993 2
618.323975 447.579010 2
166.837997 308.484985 7
602.919006 169.309998 0
543.638977 136.923004 6
646.273010 393.667999 2
321.002991 224.024002 0
499.128998 175.188004 5
529.328979 33.140999 0
569.030029 160.591003 6
590.197998 391.661987 2
618.461975 246.837006 2
346.036987 366.652008 8
222.216003 262.773987 1
283.121002 413.348999 1
517.958984 409.643005 2
265.085999 171.240005 3
156.457993 375.757996 7
547.132019 136.606003 6
592.265015 294.161987 2
178.572006 419.834991 1
516.314026 56.174000 5
497.059998 29.724001 0
440.321991 359.596985 1
567.486023 181.158005 6
425.463989 281.740997 1
336.335999 252.815002 1
203.444000 244.223007 1
24.879999 178.809006 3
659.653992 400.334991 2
507.233002 244.727005 6
641.911987 69.421997 2
657.823975 228.440994 0
550.916016 323.148010 2
74.613998 386.658997 1
559.640015 410.029999 2
596.111023 275.156006 2
254.686996 256.322998 1
530.653015 196.707993 0
581.330017 435.872009 2
588.627991 181.076004 0
291.654999 108.077003 4
254.229004 81.882004 4
330.742004 312.839996 8
66.908997 381.533997 1
569.036987 189.636993 6
425.781006 29.153000 0
113.792000 389.306000 1
392.596008 316.425995 0
30.844999 362.739990 1
515.193970 222.449997 6
496.246002 290.593994 0
548.286987 384.546997 2
304.080994 146.919998 3
515.624023 303.335999 2
57.860001 293.157990 1
497.575012 323.673004 0
644.297974 112.688004 2
557.228027 394.627014 2
350.321991 270.839996 1
139.830994 106.620003 4
65.152000 87.445000 4
500.079010 392.084015 0
516.708984 342.967010 2
551.375000 310.510010 2
541.200012 417.209991 2
667.429993 412.675995 2
124.422997 90.258003 4
664.179993 442.513000 2
547.374023 204.987000 6
652.512024 449.343994 2
674.817993 324.548004 9
255.725006 408.868011 1
195.445999 259.274994 1
568.750000 190.522003 6
9.522000 341.753998 1
569.093994 291.010986 2
345.674011 340.308990 8
479.447998 156.546997 5
199.645996 221.011993 0
490.549988 214.938004 6
373.618988 59.660999 0
50.112999 313.644012 1
265.235992 151.287994 3
171.546005 430.868988 1
318.186005 344.546997 8
364.493988 57.263000 0
90.791000 408.529999 1
311.259003 373.554993 8
327.449005 348.559998 8
213.871994 75.760002 4
631.213013 327.950012 9
593.963013 414.260986 2
665.773010 451.333008 2
213.544006 26.329000 0
293.519012 70.663002 4
639.052002 110.412003 2
436.565002 69.223999 5
114.123001 427.772003 1
141.819000 107.015999 4
69.244003 289.031006 1
278.260010 220.003998 0
520.494995 60.696999 5
401.966003 290.358002 1
157.509995 122.773003 0
636.213013 306.174011 9
189.408997 161.132996 3
131.080002 407.483002 1
67.553001 175.725006 3
117.429001 112.038002 4
81.107002 293.346985 1
36.249001 376.309998 1
157.097000 147.095001 3
452.652008 155.968994 5
676.333984 324.884003 9
176.376007 424.838989 1
474.868988 217.076004 6
505.912994 138.923004 6
364.513000 330.463013 8
562.507996 277.610992 2
382.432007 392.123993 1
443.898987 126.905998 5
647.083008 207.039001 2
163.388000 176.343002 3
321.572998 103.625999 4
525.361023 419.164001 2
694.312012 389.214996 0
132.259003 175.664993 3
361.669006 110.421997 0
320.407990 71.723000 4
237.869003 154.660995 3
27.594000 360.195007 1
358.648987 352.705994 8
549.218994 347.287994 2
109.420998 260.674988 1
644.799011 141.261002 2
192.738998 338.015991 7
566.010986 280.526001 2
64.190002 283.657013 1
169.212997 338.337006 7
464.915009 352.591003 1
550.377014 408.794006 2
384.855011 307.197998 0
61.848999 405.493988 1
567.844971 414.546997 2
105.794998 181.162003 3
382.524994 266.490997 1
541.411987 361.352997 2
209.104996 433.395996 1
403.821991 379.779999 1
566.471985 395.589996 2
687.786987 339.694000 9
308.096008 366.368988 8
403.485992 279.727997 1
567.927002 307.251007 2
78.621002 288.802002 1
133.205994 76.787003 4
77.183998 154.386002 3
363.769012 424.606995 1
155.442001 321.544006 7
591.708008 435.075012 2
645.176025 428.255005 2
211.167999 279.157013 1
635.151001 442.069000 2
541.731995 321.997986 2
104.301003 73.233002 4
685.143005 283.205994 0
204.554993 420.957001 1
614.820007 253.600006 2
117.763000 432.460999 1
110.497002 164.429993 3
245.164993 98.376999 4
657.570007 351.821014 9
22.938999 88.755997 4
535.098022 457.578003 2
142.389999 178.899002 3
124.343002 390.039001 1
551.924988 285.899994 2
167.518005 278.371002 1
609.127014 204.110992 2
475.464996 168.309998 5
218.132004 415.959991 1
291.683014 249.093994 1
518.411987 236.544006 6
183.643005 414.725006 1
424.130005 309.950012 1
602.189026 174.190002 0
372.023010 229.240005 0
478.584015 54.568001 5
490.091003 436.500000 0
69.485001 110.584999 4
83.226997 155.623001 3
133.095993 161.541000 3
636.687988 323.519012 9
448.403015 143.207001 5
649.929016 431.408997 2
336.513000 434.091003 1
509.411011 383.079010 2
281.540009 148.927002 3
376.902008 249.216995 0
447.648987 113.891998 5
620.776978 341.339996 9
536.210999 368.433990 2
205.727005 271.549988 1
72.174004 293.497009 1
181.365997 373.854004 7
606.442017 451.877991 2
648.340027 415.376007 2
200.927994 427.941010 1
621.343994 428.856995 2
279.984009 266.455994 1
353.843994 313.880005 8
126.689003 144.080994 3
155.205994 252.822998 1
222.675003 202.496002 0
515.119995 66.086998 5
548.689026 161.410004 6
526.984985 374.518005 2
7.001000 134.085007 0
606.927979 273.559998 2
508.455994 222.485992 6
614.570984 155.149994 2
154.970993 151.626999 3
497.891998 274.666992 0
163.494995 98.358002 4
92.832001 388.358002 1
232.675003 108.730003 4
270.428986 430.648010 1
542.343994 317.173004 2
609.228027 195.753998 2
306.803009 261.514008 1
584.398987 40.858002 0
184.505005 367.276001 7
75.981003 373.891998 1
640.896973 203.959000 2
188.619003 275.364990 1
90.022003 386.385010 1
246.104996 155.123001 3
583.927002 280.908997 2
253.634995 259.714996 1
432.325012 43.931999 0
340.941010 428.915985 1
138.503998 410.321014 1
649.028992 198.981003 2
129.520996 396.174988 1
497.010986 388.033997 0
366.789001 257.084015 1
537.575012 375.145996 2
358.221008 256.942993 1
621.458008 392.174011 2
286.859985 245.768997 1
504.822998 123.403999 6
610.960999 213.425003 2
124.875000 333.152008 7
128.483994 330.467987 7
474.022003 362.415985 1
377.117004 60.236000 0
511.703003 415.179993 2
639.216980 107.932999 2
516.182983 85.162003 5
565.606018 323.526001 2
95.291000 424.855011 1
496.817993 32.692001 0
31.511999 130.261002 0
251.028000 180.244003 3
571.987976 291.747009 2
314.462006 423.510010 1
268.291992 422.971008 1
183.410995 143.669006 3
520.395996 447.218994 2
210.203003 154.483002 3
587.828003 448.489990 2
518.741028 368.730988 2
616.096985 441.648010 2
168.072006 74.511002 4
484.920013 235.709000 6
24.323000 72.668999 4
513.531006 333.942993 2
212.343002 423.601990 1
450.256989 157.572006 5
40.362999 172.292999 3
577.081970 461.730988 2
625.208984 346.770996 9
178.291000 410.674988 1
359.002991 278.497009 1
516.171997 320.609985 2
438.037994 322.325989 1
31.900000 260.316986 0
223.794998 259.779999 1
30.277000 74.372002 4
545.388977 98.029999 0
459.304993 78.720001 5
474.854004 334.872986 1
529.648987 394.287994 2
390.222992 404.643005 1
345.192993 326.957001 8
560.476990 454.740997 2
536.528015 443.096985 2
554.075989 304.110992 2
444.570007 101.573997 5
593.848022 312.822998 2
655.504028 320.915985 9
624.375000 196.041000 2
60.012001 141.322998 3
523.077026 124.959999 6
619.895020 107.314003 2
142.126999 365.115997 7
321.488007 429.445007 1
657.734009 192.602997 2
127.509003 142.141998 3
627.721985 416.476013 2
217.768997 348.277008 0
584.434998 455.479004 2
108.169998 271.208008 1
461.127991 353.028992 1
66.349998 409.343994 1
529.469971 401.764008 2
354.164001 261.748993 1
425.846008 78.132004 5
496.355011 360.734009 0
151.414993 254.811005 1
433.529999 348.609985 1
572.302002 205.828995 6
199.233002 259.894012 1
299.372986 410.052002 1
305.033997 407.174011 1
293.265015 152.085007 3
551.463989 292.544006 2
505.109985 432.984009 2
556.315979 395.302002 2
509.678986 55.014999 5
389.044006 400.936005 1
323.209015 111.476997 4
237.464005 426.733002 1
588.210022 247.837006 2
425.247009 323.398987 1
307.721985 83.838997 4
150.964005 109.161003 4
550.335999 288.852997 2
333.562012 261.295990 1
175.287003 249.889999 1
270.592987 406.390991 1
25.920000 343.192993 1
656.763000 351.579987 9
107.398003 92.721001 4
402.113007 179.031998 0
299.005005 38.980000 0
371.463013 335.208008 8
452.977997 312.365997 1
503.446014 73.821999 5
271.358002 269.106995 1
216.684006 347.716003 0
452.907990 150.895004 5
58.493999 156.076996 3
395.795013 290.420990 1
21.799000 226.279999 0
135.955002 235.242004 0
165.108002 372.558014 7
525.932007 88.421997 5
58.285000 400.838013 1
634.989990 449.028015 2
593.559021 393.540985 2
294.171997 147.602997 3
59.030998 303.122009 1
366.015015 397.976990 1
430.053009 101.570999 5
456.540009 302.205994 1
30.820999 311.726013 1
439.938995 112.223999 5
632.116028 95.245003 2
70.780998 402.003998 1
109.867996 292.862000 1
557.455994 257.519989 0
253.069000 71.224998 4
554.815002 152.132996 6
124.820000 261.864014 1
27.947001 173.744995 3
564.768005 60.117001 0
644.593994 436.609985 2
424.036011 362.816986 1
612.375977 411.028992 2
438.268005 378.901001 1
310.533997 414.412994 1
531.431030 338.929993 2
462.713989 48.953999 5
113.922997 152.089005 3
490.333008 170.216003 5
627.695007 212.934006 2
466.811005 38.570000 5
450.208008 367.423004 1
74.067001 144.432999 3
540.497009 353.291992 2
303.813995 254.212006 1
207.054993 413.127991 1
598.934998 247.947006 2
512.411011 71.274002 5
85.424004 139.214005 3
602.499023 232.335007 2
557.780029 425.207001 2
643.854004 409.022003 2
506.184998 122.431999 6
660.543030 319.350006 9
171.020996 69.981003 4
146.744995 159.539001 3
572.668030 270.220001 2
554.245972 175.720993 6
543.562988 329.149994 2
606.971985 233.123993 2
597.099976 146.136002 0
625.250977 229.794006 2
125.593002 179.524002 3
156.759003 400.334015 1
426.936005 383.645996 1
366.112000 282.204010 1
143.841995 182.020996 3
20.867001 167.455002 3
13.156000 344.062012 1
163.309998 352.216003 7
289.329987 269.122009 1
526.392029 215.723007 6
490.414001 235.582993 6
490.894012 214.542999 6
321.967987 166.307007 3
158.960007 284.756989 1
349.377991 342.592987 8
657.862976 65.836998 0
223.729004 159.376007 3
639.973999 217.190994 2
218.279007 185.759003 0
601.447998 442.843994 2
400.859009 258.265015 0
526.603027 65.265999 5
172.369003 169.557999 3
328.471985 320.503998 8
366.829010 424.023987 1
257.231995 443.283997 1
325.110992 316.065002 8
169.587006 142.354004 3
448.910004 321.286011 1
55.153000 381.592987 1
49.331001 360.535004 1
588.947998 436.294006 2
56.550999 148.807999 3
554.508972 350.644012 2
645.294983 105.292999 2
197.376999 255.942993 1
606.283997 266.338989 2
611.898987 212.694000 2
308.098999 282.165985 1
199.903000 282.838989 1
46.147999 96.088997 4
335.532990 399.837006 1
179.421997 376.980988 7
419.949005 375.401001 1
492.416992 369.675995 0
176.826996 271.572998 1
18.042999 97.253998 4
216.867004 85.750999 4
123.855003 167.462997 3
681.531982 430.285004 2
151.787003 83.116997 4
153.001999 380.260010 7
283.015991 430.104004 1
101.667999 168.904999 3
558.502014 131.684006 6
549.276978 351.705994 2
157.289001 334.360992 7
533.281982 331.729004 2
569.221008 462.348999 2
343.209015 401.875000 1
581.908997 295.839996 2
431.200012 91.078003 5
479.053986 182.983002 5
30.392000 180.352997 3
224.985001 91.730003 4
554.586975 230.570999 6
66.152000 266.804993 0
629.223022 417.369995 2
457.141998 346.656006 1
116.820999 69.282997 4
135.319000 182.998993 3
650.875977 165.404007 2
125.125000 139.990997 3
70.140999 312.444000 1
197.753006 414.381012 1
645.513000 334.213013 9
193.330994 283.738007 1
157.022003 164.268997 3
312.386993 54.305000 0
656.888977 183.740005 2
423.226990 305.812012 1
630.731018 266.084015 2
328.660004 409.480011 1
635.919006 329.769012 9
513.427002 54.353001 5
526.414978 221.975998 6
380.042999 419.460999 1
617.867004 122.563004 2
237.606995 435.929993 1
21.726999 71.013000 4
384.662994 295.084991 1
554.812012 282.420990 2
379.222992 272.997009 1
111.577003 239.820999 0
240.919006 79.592003 4
601.888000 437.302002 2
640.083008 422.735992 2
374.953003 346.415985 8
171.973007 379.312012 7
21.834999 396.470001 0
535.338989 385.484009 2
504.128998 126.134003 6
63.116001 369.837006 1
302.102997 421.332001 1
625.478027 119.214996 2
220.645004 262.971985 1
124.332001 110.809998 4
658.935974 145.455994 2
268.135986 276.217987 1
616.468018 94.084999 2
171.352005 177.783997 3
97.912003 155.750000 3
128.738998 347.509003 7
341.246002 472.041992 0
95.503998 157.554993 3
162.033997 345.997009 7
83.706001 72.958000 4
93.153999 183.544006 3
640.783020 333.144989 9
62.701000 102.640999 4
217.488998 49.816002 0
401.925995 302.019989 1
272.063995 321.869995 0
626.317993 321.779999 9
322.502991 137.376007 3
535.593018 414.300995 2
247.653000 344.884003 0
630.815979 279.596008 2
225.488998 167.473999 3
133.285004 258.972992 1
444.588989 370.734009 1
398.968994 379.959015 1
580.739990 393.837006 2
657.078979 219.608994 2
434.419006 301.307007 1
632.617004 389.450012 2
119.903999 285.937012 1
313.046997 72.041000 4
125.822998 328.683990 7
443.367004 355.570007 1
664.505981 402.044006 2
163.201996 261.579010 1
635.695984 274.156006 2
32.800999 405.256012 0
627.291992 225.401993 2
61.132999 101.850998 4
388.812012 237.848007 0
471.751007 63.191002 5
262.218994 432.229004 1
275.757996 277.108002 1
377.385986 128.145996 0
87.612000 405.967010 1
530.330994 213.716003 6
307.253998 172.283997 3
250.457993 410.766998 1
65.886002 177.319000 3
514.905029 436.170990 2
593.539001 261.315002 2
321.717010 436.191010 1
99.609001 151.893997 3
306.860992 174.074997 3
301.157990 407.389008 1
411.697998 403.635986 1
549.515991 160.600998 6
499.385986 126.143997 6
422.096985 454.367004 0
306.631012 149.703995 3
268.270996 144.970993 3
207.005997 106.730003 4
81.142998 92.218002 4
155.431000 337.441986 7
178.408005 168.546997 3
658.758972 312.593994 9
80.227997 415.326996 1
513.598022 215.104996 6
657.771973 205.354996 2
572.622986 450.606995 2
308.959015 170.701996 3
274.302002 245.444000 1
296.876007 426.281006 1
87.272003 384.407013 1
327.859985 174.334000 3
227.822006 180.501007 3
76.441002 82.600998 4
164.177002 408.243988 1
226.341003 428.359985 1
504.851013 253.261002 6
533.364990 252.779999 6
598.960999 284.438995 2
616.408997 241.882996 2
487.319000 54.286999 5
190.410004 144.839005 3
568.736023 316.529999 2
351.519012 292.556000 1
167.604996 177.919006 3
607.164978 437.833008 2
432.144989 84.678001 5
688.903992 400.265015 0
134.535995 286.140015 1
560.799011 136.882996 6
28.351999 211.028000 0
157.945007 313.479004 7
82.037003 381.575989 1
439.894012 385.014008 1
199.447006 91.464996 4
239.552002 69.192001 4
84.958000 392.993011 1
632.763000 332.968994 9
534.200012 267.294006 0
565.322021 361.596985 2
610.140015 277.503998 2
204.802994 301.196014 0
305.942993 168.059998 3
171.949005 422.466003 1
490.593994 237.162994 6
470.532990 354.820007 1
166.854004 258.216003 1
660.440979 97.575996 2
292.253998 82.981003 4
113.348999 375.776001 0
10.583000 345.600006 1
184.615997 155.067993 3
170.395004 427.140015 1
378.063995 264.289001 1
230.720001 382.691986 0
602.356995 73.933998 0
607.289001 224.485992 2
150.242996 177.473007 3
174.195007 357.187012 7
182.628998 115.898003 4
17.115999 363.718994 1
528.184998 247.660995 6
147.268997 183.251007 3
207.787003 417.346008 1
538.624023 394.299011 2
25.679001 334.006989 1
157.352005 49.118000 0
494.769012 82.846001 5
238.139008 144.095993 3
171.098999 273.872986 1
540.557007 442.730011 2
331.704987 412.971985 1
322.808014 167.731003 3
58.662998 423.165009 0
279.670990 167.641998 3
476.773010 201.682007 6
371.437012 356.834015 8
654.723999 309.148010 9
420.355011 464.291992 0
40.931000 354.261993 1
184.242996 269.274994 1
590.341980 249.714005 2
628.718994 394.089996 2
170.632004 314.182007 7
592.684998 274.149994 2
285.403992 253.703995 1
370.154999 389.335999 1
106.519997 266.322998 1
120.956001 406.173004 1
32.858002 28.350000 0
207.764008 408.546997 1
152.671005 445.713013 0
377.816010 331.488007 8
202.123993 154.645996 3
615.193970 219.839996 2
321.250000 354.389008 8
397.268005 393.819000 1
472.945007 347.911011 1
94.589996 175.044998 3
36.785000 180.035995 3
137.626999 394.487000 1
300.213013 164.848999 3
582.543030 378.020996 2
276.932007 419.937012 1
130.947006 267.720001 1
179.125000 144.858994 3
416.056000 275.338013 1
438.842987 110.225998 5
609.822021 301.282013 2
225.108994 217.654007 0
580.793030 400.915009 2
331.231995 77.468002 0
481.459015 346.158997 1
439.269012 76.474998 5
180.233994 59.001999 0
271.941986 97.984001 4
662.419983 360.720001 9
176.436996 251.113007 1
349.454987 426.523987 1
35.471001 311.365997 1
260.231995 76.744003 4
606.236023 220.901993 2
255.479996 286.044006 1
240.716995 178.755005 3
71.897003 384.141998 1
48.702999 81.089996 4
33.882999 176.798996 3
653.637024 313.105011 9
487.709991 214.871002 6
602.052002 385.070007 2
240.800995 181.177994 3
338.147003 335.027008 8
129.658005 342.358002 7
346.670013 413.496002 1
190.811005 415.399994 1
646.586975 314.484985 9
383.148987 199.024994 0
159.895004 87.542000 4
185.617996 105.649002 4
233.505005 103.258003 4
111.470001 242.186005 0
45.505001 170.113007 3
118.042999 268.763000 1
327.070007 145.750000 3
102.035004 264.354004 1
79.632004 394.408997 1
598.695007 268.283997 2
431.691010 161.682999 0
206.044998 436.023010 1
303.757996 206.294998 0
189.591995 183.037003 3
608.853027 284.666992 2
631.364990 277.220001 2
303.380005 84.667999 4
411.151001 314.535004 1
40.202000 324.015015 1
546.593994 107.129997 0
548.739990 457.195007 2
671.827026 440.536987 2
236.057007 265.545990 1
657.478027 75.723999 2
382.738007 412.710999 1
479.440002 221.889008 6
516.174988 340.423004 2
282.769989 248.761002 1
122.856003 289.843994 1
543.945007 415.105988 2
510.468994 139.210007 6
316.761993 142.554993 3
347.200989 260.609009 1
587.934998 411.475006 2
95.850998 285.714996 1
83.040001 159.300995 3
138.395996 271.139008 1
297.402008 246.283005 1
638.132996 264.431000 2
155.432007 265.778992 1
149.735001 334.981995 7
496.713989 422.186005 0
523.593994 412.540985 2
459.358002 313.730988 1
618.742981 415.815002 2
524.268982 77.775002 5
272.598999 206.186005 0
638.572998 261.471008 2
103.200996 174.763000 3
127.508003 350.464996 7
319.328003 430.376007 1
442.602997 143.514999 5
73.542999 292.056000 1
533.984009 213.973999 6
321.806000 311.673004 8
250.384003 441.213013 1
64.802002 311.944000 1
343.609009 335.423004 8
216.061996 142.694000 3
54.040001 309.819000 1
445.056000 372.782990 1
321.308990 213.591003 0
481.735992 158.257004 5
619.723022 420.325012 2
25.610001 319.578003 1
403.768005 412.855988 1
310.661011 94.184998 4
338.378998 424.652008 1
622.039001 212.251007 2
649.304016 117.694000 2
102.495003 76.781998 4
62.083000 319.832001 1
627.294983 97.303001 2
412.013000 273.039001 1
561.189026 380.096008 2
468.825012 57.849998 5
656.638977 435.967987 2
205.904007 141.600998 3
156.029999 330.695007 7
375.891998 394.110992 1
230.996994 275.140015 1
420.397003 399.457001 1
609.320984 411.296997 2
610.153015 215.188004 2
601.815979 446.304993 2
564.763000 360.584991 2
358.721008 259.911987 1
94.303001 182.798004 3
335.635010 405.027008 1
331.584015 104.365997 4
17.618000 76.707001 4
471.023010 209.619003 6
329.825989 256.269012 1
636.726013 228.561996 2
655.635010 427.006012 2
96.084000 186.942001 3
181.059998 163.826996 3
609.484009 198.414001 2
520.330994 360.964996 2
552.192017 423.151001 2
629.750977 106.066002 2
67.155998 98.011002 4
89.968002 79.221001 4
257.165009 412.330994 1
68.111000 85.084000 4
656.969971 444.308990 2
94.031998 393.635010 1
555.973999 240.664993 6
311.123993 89.264000 4
624.767029 338.933014 9
423.113007 133.675003 5
590.786011 259.901001 2
271.065002 287.122009 1
172.473007 83.817001 4
149.531006 269.739990 1
81.736000 91.847000 4
106.505997 169.998993 3
660.226990 434.589996 2
545.791992 198.292007 6
670.909973 433.433014 2
601.213013 277.075989 2
596.028015 264.928986 2
151.554001 114.535004 4
175.985992 105.127998 4
432.877991 213.710007 0
426.311005 178.921005 0
181.132004 170.229996 3
629.125977 173.789993 2
339.682007 296.825012 0
540.551025 208.509995 6
158.800003 89.436996 4
303.881012 284.747009 1
497.746002 86.906998 5
563.570984 171.007996 6
533.888977 127.492996 6
33.740002 321.895996 1
304.216003 439.686005 1
81.752998 300.598999 1
437.651001 97.320000 5
229.843994 404.153992 1
512.531982 248.171997 6
231.867996 84.874001 4
537.203979 433.931000 2
521.017029 374.044006 2
642.695007 385.321991 2
124.996002 264.846985 1
475.247986 344.247986 1
470.480988 145.345993 5
63.120998 304.717987 1
109.014999 397.674988 1
411.981995 374.463013 1
108.919998 75.471001 4
420.488007 278.139008 1
67.588997 369.546997 1
318.373993 369.299011 8
97.806000 53.535999 0
509.001007 439.161011 2
492.553986 156.945007 5
518.950989 409.438995 2
680.700989 416.937012 2
573.750000 458.924011 2
33.074001 96.422997 4
608.122986 154.255005 2
203.770004 84.203003 4
96.276001 181.858994 3
620.586975 92.958000 2
347.027008 269.484009 1
421.923004 111.149002 5
30.358999 381.213989 1
407.130005 241.682999 0
76.829002 394.408997 1
424.151001 396.002991 1
131.744003 178.141998 3
294.782990 277.717010 1
319.877991 38.231998 0
644.893982 80.608002 2
443.623993 220.158997 0
182.345993 93.089996 4
337.544006 255.757004 1
176.399002 110.042999 4
260.937012 99.505997 4
498.584991 224.761002 6
639.049988 120.490997 2
452.873993 352.669006 1
611.039978 217.453003 2
477.471008 151.779999 5
252.214005 90.572998 4
40.995998 393.311005 1
387.311005 271.769012 1
248.535995 105.376999 4
358.574005 348.428009 8
286.908997 154.985992 3
666.424988 403.010010 2
172.585999 88.353996 4
59.444000 93.225998 4
53.882999 364.273987 1
407.609009 285.022003 1
238.231995 155.710999 3
270.917999 88.855003 4
134.386002 431.873993 1
284.959991 86.528000 4
163.641998 429.528015 1
148.117996 400.829987 1
303.316986 405.981995 1
142.306000 323.266998 7
37.688999 147.369003 3
443.039001 377.057007 1
28.819000 81.142998 4
353.066010 328.579010 8
560.585022 287.743011 2
326.036987 257.752991 1
549.619995 278.283997 2
347.992004 290.431000 1
604.513977 229.973007 2
523.711975 75.024002 5
107.488998 83.460999 4
594.867981 398.511993 2
462.278015 148.279007 5
602.168030 422.725006 2
138.748001 78.297997 4
19.179001 347.700012 1
198.406998 172.212997 3
551.846008 125.894997 6
545.815002 328.661011 2
542.554993 326.773987 2
53.734001 371.545013 1
209.774994 429.143005 1
115.058998 70.587997 4
592.200012 291.789001 2
450.579987 350.597992 1
445.167999 121.036003 5
445.671997 158.507004 5
540.291016 213.438004 6
59.918999 168.727997 3
146.992004 111.531998 4
142.205994 254.367004 1
571.177979 434.044006 2
164.263000 318.377991 7
68.996002 153.317001 3
72.447998 153.100998 3
271.789001 116.049004 4
646.094971 440.273987 2
74.730003 105.852997 4
428.463013 310.627991 1
147.492004 277.268005 1
145.464996 279.084991 1
355.725006 329.737000 8
477.520996 244.574005 0
239.766998 281.312988 1
223.541000 258.016998 1
161.740997 102.860001 4
327.317993 353.691986 8
239.593994 173.988007 3
639.320007 141.339996 2
377.069000 76.697998 0
639.085999 153.964996 2
169.052002 436.335999 1
32.332001 96.075996 4
154.580994 366.177002 7
209.938995 138.376999 3
633.835022 445.115997 2
284.164001 173.610992 3
599.291992 285.252991 2
642.661987 245.097000 2
333.612000 291.222992 1
631.098022 218.350998 2
175.613998 163.692001 3
48.813999 394.997009 1
38.675999 173.281998 3
553.388977 304.069000 2
374.592010 163.363007 0
280.480988 94.904999 4
564.474976 461.247986 2
488.984985 46.418999 5
566.947021 179.117996 6
294.125000 269.208008 1
210.147995 428.432007 1
168.171005 80.475998 4
532.479980 316.114990 2
552.939026 398.212006 2
134.929993 272.765015 1
330.628998 173.220001 3
134.673004 387.250000 0
529.494019 322.420013 2
191.190994 414.019989 1
24.351000 152.156998 3
375.644012 248.785004 0
643.405029 236.404007 2
465.740997 40.126999 5
542.677979 295.829010 2
564.651978 290.915009 2
305.283997 92.072998 4
459.989014 48.062000 5
649.831970 355.790009 9
43.806000 139.748001 3
322.678009 77.383003 4
457.601013 343.315002 1
361.684998 334.757996 8
66.306000 300.799988 1
265.529999 229.912003 0
143.360001 174.804001 3
651.500977 277.592010 0
94.028999 266.972992 1
28.049999 80.915001 4
433.380005 135.975006 5
391.848999 69.875000 0
637.218994 350.433990 9
257.052002 261.209015 1
554.271973 235.085007 6
200.468002 335.644012 7
408.122009 394.466003 1
116.797997 62.874001 0
62.473999 281.972992 1
276.548004 113.603996 4
309.231995 260.380005 1
516.612000 398.752014 2
77.670998 387.261993 1
646.359985 157.294006 2
572.809998 297.779999 2
162.725006 339.915009 7
168.582001 361.059998 7
440.540985 147.442993 5
278.584991 71.558998 4
225.477997 157.141006 3
517.588989 55.821999 5
193.664001 431.596985 1
439.347992 100.107002 5
482.756989 180.824005 5
389.088013 418.683014 1
38.002998 316.953003 1
112.302002 102.517998 4
167.106995 91.329002 4
468.283997 54.237000 5
322.522003 255.481003 1
516.575012 347.819000 2
122.636002 105.828003 4
388.890015 416.078003 1
168.477005 83.318001 4
646.484009 342.151001 9
647.153992 245.039001 2
641.117981 453.237000 2
577.463013 170.630997 6
556.427979 205.593002 6
282.149994 343.131012 0
649.544006 172.643005 2
349.273987 329.276001 8
258.338989 140.261993 3
254.791000 168.610992 3
597.896973 252.796005 2
669.151001 410.673004 2
617.068970 273.229004 2
157.906006 138.688995 3
554.966980 315.507996 2
62.334999 308.819000 1
188.507996 329.967987 7
517.843994 431.079010 2
69.869003 286.674988 1
197.850998 329.588013 7
348.415009 104.130997 0
419.132996 127.198997 5
431.481995 209.800003 0
160.365997 145.947006 3
254.162994 145.856995 3
248.070007 414.338013 1
321.179993 315.662994 8
325.786987 362.028992 8
156.779999 345.440002 7
422.694000 217.356995 0
58.823002 173.444000 3
97.907997 233.809006 0
297.468994 262.296997 1
314.053986 421.247986 1
482.255005 82.785004 5
601.695984 28.535000 0
149.662994 83.439003 4
329.796997 419.493011 1
205.246994 429.562988 1
187.761993 103.600998 4
235.005997 404.330994 1
67.702003 315.420013 1
67.891998 138.237000 3
553.929016 344.579010 2
578.580017 219.042999 0
561.304016 459.931000 2
181.143005 436.380005 1
498.348999 132.227005 6
268.679993 422.035004 1
557.369995 382.782990 2
201.416000 140.703995 3
555.737000 298.903015 2
525.231018 445.062988 2
82.096001 415.132996 1
259.996002 157.270996 3
226.121002 259.881012 1
257.895996 344.317993 0
310.145996 346.381989 8
613.659973 196.166000 2
163.164993 360.652008 7
18.618999 96.614998 4
594.284973 288.799011 2
231.160995 255.143997 1
213.281006 91.532997 4
598.250000 438.070007 2
397.963013 301.312012 1
299.501007 173.179001 3
612.046997 442.940002 2
378.281006 449.335999 0
70.771004 305.158997 1
161.772995 350.403992 7
432.740997 260.380005 0
192.080002 437.213013 1
37.709000 110.445000 4
576.380981 409.095001 2
322.884003 278.954010 1
157.931000 438.106995 1
551.893982 441.700012 2
325.968994 425.658997 1
482.330994 76.338997 5
58.811001 391.174988 1
396.335999 382.252014 1
163.449997 83.334999 4
552.875000 227.934006 6
74.420998 165.548996 3
446.941010 352.848999 1
364.217987 410.131012 1
432.891998 296.708008 1
193.072998 99.806000 4
72.990997 143.738007 3
338.536987 415.785004 1
450.006989 204.031998 0
634.874023 138.065994 2
623.981995 225.692993 2
187.651993 247.923004 1
260.457001 142.028000 3
305.444000 324.635010 8
256.227997 267.487000 1
527.112000 105.688004 0
463.678986 338.303986 1
615.434998 284.837006 2
251.255005 430.570007 1
595.210022 423.665009 2
528.880005 80.304001 5
424.367004 323.118988 1
336.079010 268.170013 1
85.336998 109.487000 4
246.835999 176.044006 3
90.167000 410.205994 1
437.078003 423.459015 0
319.884003 313.587006 8
258.269989 417.528992 1
663.551025 333.265015 9
630.156982 196.334000 2
377.196991 395.342010 1
557.155029 319.102997 2
251.360992 172.237000 3
164.143005 253.348007 1
151.856003 375.166992 7
50.861000 138.893005 3
543.406006 314.782013 2
37.546001 155.917999 3
105.990997 286.523010 1
60.835999 388.786011 1
691.306030 233.895996 0
44.445999 142.882004 3
187.395004 152.098999 3
453.227997 381.657990 1
522.187012 411.914001 2
450.014008 352.985992 1
572.994019 157.854996 6
557.588989 299.657013 2
217.067993 171.639999 3
474.131989 325.893005 1
288.914001 262.230988 1
435.536011 322.355988 1
170.830002 311.777008 7
286.433014 257.505005 1
631.424011 367.615997 9
562.218018 380.151001 2
628.763000 424.105988 2
340.257996 369.252014 8
64.726997 73.091003 4
47.348000 322.239990 1
661.000000 318.080994 9
546.901978 233.832001 6
558.385986 181.395004 6
498.148987 466.011993 0
35.446999 330.812012 1
315.424011 374.700989 8
614.344971 36.154999 0
657.401001 26.921000 0
426.127991 286.682007 1
184.524994 265.263000 1
549.487000 310.566010 2
625.557983 283.421997 2
375.154999 294.644989 1
156.819000 72.167000 4
63.546001 304.552002 1
423.311005 201.298004 0
376.256989 170.332993 0
636.346985 364.703003 9
578.349976 455.690002 2
187.050003 79.109001 4
185.582001 159.981003 3
117.301003 112.272003 4
542.619995 307.576996 2
180.992004 263.054993 1
213.160995 407.411011 1
652.549011 189.580994 2
628.104980 347.213013 9
166.847000 365.966003 7
435.522003 133.500000 5
94.776001 403.431000 1
631.754028 147.628998 2
544.630981 382.338989 2
238.964996 98.246002 4
153.309998 262.627991 1
641.466003 384.467987 2
431.476013 293.868011 1
19.350000 335.467987 1
137.916000 399.166992 1
441.635986 66.402000 5
517.507996 222.677002 6
469.881012 158.339996 5
171.481003 94.630997 4
145.695007 252.222000 1
430.537994 318.552002 1
74.378998 403.549988 1
363.437988 260.701996 1
569.614990 206.820999 6
633.390015 271.500000 2
53.716999 290.891998 1
259.424011 141.481003 3
297.908997 433.739990 1
363.574005 206.253998 0
557.237000 373.269989 2
130.009995 98.268997 4
437.420990 294.445007 1
530.304993 320.662994 2
580.075012 455.580994 2
614.932007 424.575989 2
660.822998 135.347000 2
591.427979 285.131012 2
160.261002 224.416000 0
125.627998 414.548004 1
185.401993 278.535004 1
56.640999 98.172997 4
195.156998 182.953003 3
520.890991 303.156006 2
546.106018 448.691986 2
36.015999 357.015015 1
336.441986 417.734009 1
368.397003 262.058014 1
649.637024 82.584000 2
200.518005 403.529999 1
523.778992 391.453003 2
130.070999 87.028999 4
158.839005 410.946991 1
144.085999 208.811005 0
176.423004 91.278000 4
574.234009 191.904007 6
168.410995 101.163002 4
620.210022 403.867004 2
116.503998 398.588013 1
326.003998 337.282990 8
183.113007 329.122986 7
627.773987 442.002014 2
628.895020 77.097000 2
237.401001 276.145996 1
186.492004 366.135986 7
637.609009 364.502991 9
414.071014 316.446991 1
505.865997 129.024002 6
393.886993 386.862000 1
217.798004 42.937000 0
469.865997 350.937988 1
635.104004 432.828003 2
97.954002 221.595993 0
75.728996 370.033997 1
135.354996 104.132004 4
166.563004 258.105988 1
39.812000 142.942993 3
617.002991 239.865005 2
672.361023 281.614990 0
49.653000 147.764999 3
156.264999 40.147999 0
628.156006 354.216003 9
560.739014 137.675003 6
562.804016 280.796997 2
249.634995 147.358002 3
491.053009 68.219002 5
593.908997 252.438004 2
444.884003 301.890015 1
356.415985 444.846008 0
86.884003 179.272995 3
64.367996 400.932007 1
633.924988 441.931000 2
482.906006 167.341003 5
267.292999 264.963989 1
234.459000 431.799988 1
506.325012 216.264008 6
314.755005 374.811005 8
375.778992 261.522003 1
119.521004 264.342010 1
629.950989 269.953003 2
431.151001 130.783005 5
596.012024 254.707993 2
636.692993 423.963989 2
563.059998 162.438004 6
377.059998 199.987000 0
389.945007 298.199005 1
479.846008 56.837002 5
373.083008 389.484985 1
541.989990 121.060997 6
153.755997 266.591003 1
602.530029 160.501007 0
469.446991 205.539001 6
302.855011 405.923004 1
141.110001 368.968994 7
646.492004 152.897003 2
287.437012 244.699997 1
470.307007 210.925003 6
556.369995 347.520996 2
559.643005 426.213013 2
97.227997 39.798000 0
319.260010 426.640015 1
103.292999 164.520996 3
344.281006 359.391998 8
404.023987 407.213989 1
217.507996 135.593994 3
468.505005 63.443001 5
287.526001 271.679993 1
551.163025 99.690002 0
520.546021 142.113998 6
184.554001 157.526001 3
519.844971 408.173004 2
633.625000 233.770996 2
64.150002 138.916000 3
91.566002 72.211998 4
157.151993 221.417007 0
169.712006 265.532990 1
304.774994 146.462006 3
78.947998 282.401001 1
297.235992 250.664993 1
26.009001 310.466003 1
542.408020 391.437988 2
306.040009 344.250000 8
560.987976 187.839005 6
65.908997 104.268997 4
536.556030 417.416992 2
401.346008 278.385010 1
510.104004 117.977997 6
21.191000 90.175003 4
327.830994 130.466995 0
472.287994 61.417999 5
244.466003 176.287994 3
561.916016 347.834015 2
27.506001 88.503998 4
215.126007 230.115005 0
519.322021 320.204010 2
509.960999 88.615997 5
54.094002 68.930000 4
69.893997 182.897003 3
365.338989 320.558990 8
367.699005 142.716003 0
318.411987 282.713013 1
319.799988 343.549988 8
354.938995 131.378006 0
331.753998 178.867996 3
305.204987 432.710999 1
216.936996 148.576004 3
9.059000 349.989014 1
26.469999 353.756012 1
626.431030 125.703003 2
619.234009 146.352005 2
366.015991 329.059998 8
49.997002 323.639008 1
554.249023 373.098999 2
126.931000 97.013000 4
631.843018 394.427002 2
147.988007 93.751999 4
585.416992 154.119995 0
454.606995 165.490997 5
432.501007 87.167999 5
653.789978 113.990997 2
601.127014 430.901001 2
226.917007 73.306000 4
484.316986 233.798004 6
184.289993 333.656006 7
362.579987 413.205994 1
60.610001 399.962006 1
357.885986 281.026001 1
181.876007 371.000000 7
503.489990 238.770996 6
292.148010 302.648010 0
544.924988 349.028015 2
233.313995 93.367996 4
244.304001 412.171997 1
207.509003 278.127991 1
401.100006 402.364990 1
195.483994 268.738007 1
626.351013 321.727997 9
17.895000 324.755005 1
27.350000 98.527000 4
546.877991 163.681000 6
443.648987 356.950989 1
642.992981 354.436005 9
234.399002 173.399994 3
226.701004 243.069000 1
107.712997 279.450012 1
102.177002 292.040009 1
429.675995 399.496002 1
525.315979 432.002991 2
469.035004 155.807999 5
658.875977 363.458008 9
120.200996 181.639999 3
301.647003 91.851997 4
635.268005 259.299011 2
54.068001 321.808014 1
141.190994 110.218002 4
365.355988 141.425003 0
287.802002 408.290985 1
687.921997 340.661011 9
173.358002 281.235992 1
33.255001 224.507996 0
328.638000 350.035004 8
260.377991 98.250999 4
369.471008 260.098999 1
164.317001 335.970001 7
38.247002 359.372986 1
562.351013 214.130005 6
514.221008 180.809998 0
267.895996 126.818001 0
325.640991 436.468994 1
261.787994 253.574997 1
240.908005 434.338989 1
153.878998 308.063995 7
62.347000 387.097992 1
456.890015 62.590000 5
489.755005 449.651001 0
683.539978 423.260986 2
210.240005 251.867996 1
555.963989 229.729996 6
295.996002 415.990997 1
192.089996 160.039993 3
350.677002 357.665009 8
319.440002 287.985992 1
222.936996 255.848007 1
647.937012 189.059998 2
619.291016 169.776993 2
274.502014 435.398010 1
173.020996 400.529999 1
635.309021 152.811005 2
543.354004 127.123001 6
399.458008 410.523010 1
568.588013 190.194000 6
562.200012 303.450012 2
426.242004 192.526993 0
503.532990 123.134003 6
545.828979 238.451004 6
441.895996 97.949997 5
162.764008 425.303009 1
510.187012 332.044006 2
142.503006 286.623993 1
334.686005 348.558014 8
315.110992 75.611000 4
557.708008 143.807999 6
37.320000 352.468994 1
652.656006 397.046997 2
622.687988 125.457001 2
178.136993 374.106995 7
172.192993 364.859009 7
571.413025 319.096985 2
438.752991 110.449997 5
95.734001 284.532013 1
243.304993 157.964005 3
182.503998 349.967010 7
230.798004 78.570000 4
108.696999 92.294998 4
596.499023 103.947998 0
535.374023 124.987000 6
97.886002 155.809006 3
488.187012 67.922997 5
541.809998 414.169006 2
342.806000 411.925995 1
606.155029 253.360001 2
249.584000 140.167007 3
477.699005 333.277008 1
57.366001 110.879997 4
328.436005 316.800995 8
492.450989 131.384995 6
341.688995 305.191986 8
184.201004 271.984009 1
119.355003 403.015991 1
421.537994 297.403015 1
319.200012 399.345001 1
500.389008 133.539993 6
658.546997 131.481003 2
645.007019 397.096008 2
595.843018 451.110992 2
145.994003 425.902008 1
662.460999 425.959015 2
460.240997 206.378006 6
388.145996 386.002014 1
190.723007 419.716003 1
158.615997 217.895996 0
219.699005 83.054001 4
73.585999 72.905998 4
100.316002 458.358002 0
566.333008 446.368988 2
90.445000 144.153000 3
580.177002 437.257996 2
42.661999 176.908997 3
656.286987 229.151993 2
96.318001 322.427002 0
642.002014 353.056000 9
534.307007 209.113998 6
444.412994 72.762001 5
252.651001 181.126999 3
78.540001 405.725006 1
583.330994 293.777008 2
342.967010 314.769012 8
314.221008 411.265015 1
432.399994 388.273987 1
357.739014 321.053009 8
280.076996 437.131989 1
71.385002 388.657990 1
119.699997 167.848007 3
132.035004 317.371002 7
236.740005 99.291000 4
92.856003 415.600006 1
185.944000 173.847000 3
396.165009 385.545990 1
632.171997 348.648010 9
373.490997 290.721985 1
555.656006 421.388000 2
253.522995 432.817993 1
41.344002 305.709015 1
265.916992 252.345001 1
201.895004 421.717987 1
690.757019 310.110992 0
54.463001 70.223999 4
555.510986 236.319000 6
345.806000 283.609985 1
535.059021 245.007996 6
564.614014 440.312012 2
448.514008 361.480011 1
514.205994 123.416000 6
370.213013 334.867004 8
591.836975 287.518005 2
199.195007 113.671997 4
392.807007 381.579010 1
67.918999 183.031998 3
29.893000 92.712997 4
390.916992 405.779999 1
309.285004 172.272003 3
155.613007 377.032013 7
326.165009 420.513000 1
31.565001 178.488007 3
112.896004 154.998001 3
305.500000 254.552994 1
376.278015 386.144989 1
609.637024 187.257004 2
511.010986 218.354004 6
179.044006 263.445007 1
605.369995 231.541000 2
457.218994 61.057999 5
446.697998 373.311005 1
533.098999 400.414001 2
645.331970 310.040985 9
134.421005 71.703003 4
616.747009 256.187012 2
538.448975 123.666000 6
32.862000 229.522995 0
528.163025 217.727997 6
277.730988 53.834999 0
506.492004 411.407013 2
565.244019 304.848999 2
31.242001 85.268997 4
347.377014 421.890991 1
198.022003 109.003998 4
548.741028 185.141006 6
203.608994 139.328995 3
576.474976 408.079010 2
228.171997 259.497009 1
516.723022 139.649002 6
22.837999 366.513000 1
89.385002 79.702003 4
366.871002 281.782013 1
301.209015 88.086998 4
230.815994 174.498993 3
411.322998 303.126007 1
444.002014 73.804001 5
520.909973 313.191986 2
669.122986 252.410995 0
230.082993 257.078003 1
179.809006 252.990005 1
133.600998 291.290985 1
461.941986 340.390015 1
218.746994 87.179001 4
527.799011 138.093994 6
45.043999 96.237000 4
475.069000 220.199997 6
154.906998 59.019001 0
614.296021 146.382004 2
527.025024 156.968002 0
71.081001 83.901001 4
607.330994 301.983002 2
524.429993 434.446014 2
307.709015 74.820999 4
362.743011 359.708008 8
303.214996 421.967987 1
561.473999 221.501999 6
116.917000 270.292999 1
649.359009 445.783997 2
467.954010 417.692993 0
425.757996 144.367004 5
31.865000 101.904999 4
527.739990 370.740997 2
582.838989 248.324005 2
525.507019 146.164993 6
668.534973 329.059998 9
512.629028 359.975006 2
483.174988 52.421001 5
143.917007 281.565002 1
642.791016 313.635986 9
56.889000 382.941986 1
245.298004 93.733002 4
437.040985 89.337997 5
394.602997 381.213013 1
187.751999 453.764008 0
31.469000 394.822998 1
415.550995 381.618011 1
293.588013 112.961998 4
93.933998 103.760002 4
182.806000 177.438995 3
277.781006 72.112999 4
294.890991 270.667999 1
522.968018 80.293999 5
176.858994 316.822998 7
429.191010 112.406998 5
348.084015 256.298004 1
643.606018 156.761002 2
159.841003 360.022003 7
336.752991 409.360992 1
117.758003 152.483994 3
601.096985 348.127991 0
448.497009 364.916992 1
351.489990 372.812012 8
523.135010 404.032990 2
377.834015 146.119003 0
125.152000 288.588013 1
66.619003 167.591995 3
357.730011 278.505005 1
209.880997 103.780998 4
671.176025 429.472992 2
206.063004 77.364998 4
173.880997 311.364990 7
82.781998 160.994003 3
320.493988 340.691986 8
506.290009 141.356995 6
118.379997 394.713013 1
305.558014 149.139999 3
651.960999 104.438004 2
130.533997 288.950989 1
208.207993 341.932007 7
107.828003 183.764008 3
209.677994 159.871002 3
184.764999 97.533997 4
453.493011 76.944000 5
98.905998 383.295990 1
157.427002 268.957001 1
522.575012 314.083008 2
582.531006 454.110992 2
174.800003 83.643997 4
516.866028 340.122009 2
301.348999 155.679993 3
432.791992 143.798996 5
553.400024 150.481995 6
367.371002 413.261993 1
564.463989 292.351013 2
520.068970 442.877014 2
435.104004 150.563995 5
505.898987 430.419006 2
177.643997 375.251007 7
239.251007 277.641998 1
432.934998 180.705994 0
474.028015 337.023010 1
452.782013 353.003998 1
167.992004 269.390991 1
27.841000 192.813004 0
247.395004 254.466003 1
287.136993 168.576004 3
497.610992 211.970001 6
548.742981 451.471985 2
535.226990 85.102997 5
588.882019 301.082001 2
271.513000 419.377014 1
202.097000 421.782990 1
624.627991 270.959991 2
20.052000 148.460007 3
157.373001 197.492004 0
526.393005 362.779999 2
93.939003 101.302002 4
214.742004 142.514999 3
209.673004 441.988007 1
640.187012 201.302994 2
456.351990 78.169998 5
496.670013 283.618988 0
188.626999 340.490997 7
31.437000 209.362000 0
158.621994 434.990997 1
450.016998 162.981995 5
317.945007 82.762001 4
651.604980 433.026001 2
204.710999 300.237000 0
103.733002 147.994003 3
421.536011 364.617004 1
520.838013 254.255997 6
611.179016 234.766998 2
371.167999 345.096008 8
166.457993 380.609009 7
255.815994 170.339005 3
493.260986 58.643002 5
313.618988 103.540001 4
332.390991 289.971985 1
510.457001 334.756989 2
608.630981 291.273010 2
639.434998 328.315002 9
519.015991 312.283997 2
615.034973 280.036011 2
563.812012 373.658997 2
217.809998 271.622986 1
191.654007 178.807999 3
400.747009 390.308990 1
645.851013 247.667007 2
633.546021 194.837997 2
160.173996 71.049004 4
150.882004 316.723999 7
169.238007 253.369995 1
535.268005 248.268997 6
326.373993 276.345001 1
550.771973 303.123993 2
32.729000 91.022003 4
567.919983 293.420990 2
624.463013 333.342010 9
625.098022 278.548004 2
338.683014 345.398987 8
36.508999 138.977005 3
608.247009 438.954010 2
195.751007 258.364014 1
93.474998 76.900002 4
531.190002 85.055000 5
233.761993 443.488007 1
221.556000 405.665985 1
164.557999 361.975006 7
460.864990 360.605011 1
458.454987 171.723007 5
438.792999 76.570999 5
323.992004 338.851990 8
72.116997 145.852005 3
649.648010 131.033005 2
654.190002 123.571999 2
468.386993 174.449005 5
548.023987 195.492996 6
635.718994 161.542007 2
563.395996 154.951996 6
46.922001 398.243011 1
28.187000 113.407997 4
628.010010 79.848000 2
114.231003 267.592010 1
554.810974 463.928986 2
515.164978 68.473999 5
455.092010 60.095001 5
495.601013 248.016006 6
216.889008 194.199997 0
322.815002 437.998993 1
664.393982 332.122986 9
501.291992 132.018005 6
16.049999 340.187012 1
510.345001 102.037003 0
649.210999 312.963013 9
174.942993 91.396004 4
551.010010 256.533997 0
511.816010 439.856995 2
512.156982 179.108002 0
566.778992 270.140991 2
238.656006 275.342987 1
177.496002 159.542007 3
541.291992 421.411987 2
534.986023 251.824005 6
319.507996 166.975998 3
430.292999 152.242004 5
640.843994 227.304001 2
295.557007 412.213013 1
35.879002 174.029999 3
549.919983 237.882004 6
152.365997 106.920998 4
126.540001 406.846008 1
623.929016 392.062988 2
315.492004 414.358002 1
155.369995 413.109985 1
566.534973 177.488007 6
345.290985 376.265991 8
578.669983 460.609985 2
145.078003 84.698997 4
683.215027 328.167999 9
407.795013 400.854004 1
356.118988 278.467987 1
632.526978 334.934998 9
124.806999 441.824005 0
217.113007 246.994003 1
557.642029 348.614014 2
559.614990 349.566986 2
138.854004 263.312012 1
620.703003 185.233002 2
547.291016 151.298004 6
201.264999 101.891998 4
42.771999 110.767998 4
627.911011 223.011993 2
497.824005 309.343994 0
446.893005 302.963013 1
410.253998 274.528015 1
612.030029 147.276993 2
477.731995 71.571999 5
241.666000 421.098999 1
537.086975 387.766998 2
443.843994 87.042000 5
107.399002 83.516998 4
655.122009 442.006012 2
119.403000 287.875000 1
156.121994 290.743988 1
470.742004 151.028000 5
169.621002 311.191986 7
32.469002 54.555000 0
609.168030 245.070007 2
353.403992 423.407990 1
568.258972 426.677002 2
176.638000 264.276001 1
267.294006 108.418999 4
610.536011 132.740997 2
290.170990 437.598999 1
297.597992 257.583008 1
176.386993 100.872002 4
396.790985 284.953003 1
163.921005 328.339996 7
45.493999 303.983002 1
556.202026 421.153015 2
495.963013 134.591995 6
422.266998 101.899002 5
430.441986 157.873993 5
440.463989 79.709999 5
319.192993 70.490997 4
97.065002 442.230011 0
216.341995 113.668999 4
561.343018 380.277008 2
307.062012 82.721001 4
581.591003 401.886993 2
625.101013 414.690002 2
236.074997 267.567993 1
127.521004 404.302002 1
489.322998 53.988998 5
191.472000 347.015015 7
538.145996 406.723999 2
216.007996 389.605988 0
147.024994 70.427002 4
253.867004 240.022995 0
601.336975 415.213013 2
245.932999 247.694000 1
519.072998 431.994995 2
513.424988 247.720001 6
113.841003 267.872009 1
248.548004 75.943001 4
556.239990 328.170013 2
348.722992 268.720001 1
291.902008 78.056000 4
362.445007 417.117004 1
562.491028 274.917999 2
445.147003 137.412994 5
226.067001 87.247002 4
195.834000 107.847000 4
195.630005 172.617004 3
382.259003 396.419006 1
28.278000 369.931000 1
81.500000 284.588989 1
626.836975 147.313995 2
493.584991 227.615997 6
522.203979 215.141998 6
211.718002 246.490997 1
656.304016 388.901001 0
130.261002 336.273987 7
541.888000 145.181000 6
358.553986 376.035004 8
628.443970 118.014999 2
548.546997 431.904999 2
643.984985 343.601013 9
403.079987 380.199005 1
533.031006 342.257996 2
460.404999 165.011002 5
247.595993 152.792999 3
181.242996 338.971008 7
170.311005 372.819000 7
541.085022 244.472000 6
629.317993 452.661011 2
141.455002 151.246002 3
166.207993 356.760986 7
450.292999 457.630005 0
445.338989 57.293999 5
619.495972 154.315002 2
621.812012 256.535004 2
562.245972 467.272003 2
504.833008 85.313004 5
327.806000 320.523010 8
522.346008 360.984009 2
57.916000 322.862000 1
458.399994 214.957993 6
307.841003 273.425995 1
171.018005 104.248001 4
537.606018 91.828003 5
159.347000 146.429993 3
578.890015 233.964005 0
367.643005 263.213989 1
661.479004 401.665009 2
114.088997 87.272003 4
150.968002 433.351013 1
439.375000 334.015015 1
569.486023 398.253998 2
474.496002 49.761002 5
544.616028 368.464996 2
177.408005 178.322998 3
142.858002 259.036987 1
100.396004 166.044006 3
355.338989 345.832001 8
616.445007 388.700012 2
378.178986 289.507996 1
377.528015 427.899994 1
224.268997 164.091995 3
462.479004 79.377998 5
65.616997 155.279999 3
637.187012 261.657013 2
313.623993 412.970001 1
25.923000 70.788002 4
447.701996 421.298004 0
434.868011 390.256012 1
176.630005 131.328003 0
49.221001 376.644012 1
269.226013 94.857002 4
300.541992 78.151001 4
165.399994 79.042000 4
331.360992 377.574005 8
629.338013 339.617004 9
109.154999 392.174011 1
161.889999 149.203995 3
526.655029 343.226990 2
506.282013 347.256012 2
276.309998 147.617996 3
183.113007 404.720001 1
642.557983 395.216003 2
120.683998 264.842987 1
680.630005 429.859009 2
108.523003 282.869995 1
291.489990 376.686005 0
32.867001 179.417999 3
469.175995 222.121994 6
77.934998 297.183014 1
656.104004 380.338013 0
220.005997 432.739014 1
492.286987 169.778000 5
130.608002 166.996994 3
605.229980 374.899994 0
317.705994 98.960999 4
100.228996 171.921005 3
553.585999 453.462006 2
86.915001 395.975006 1
32.860001 227.919006 0
372.235992 354.285004 8
35.007000 90.121002 4
193.238998 276.928986 1
461.584015 77.570999 5
494.467010 84.637001 5
654.750977 347.881012 9
318.721008 425.091003 1
420.662994 121.724998 5
587.747986 286.656006 2
497.880005 344.515991 0
377.399994 91.113998 0
625.104980 226.951996 2
192.914993 95.776001 4
363.761993 265.181000 1
451.671997 48.477001 5
312.230988 368.082001 8
347.829987 261.914001 1
256.321991 176.561996 3
532.234009 210.612000 6
407.996002 286.007996 1
646.315979 113.775002 2
417.462006 385.144989 1
456.157990 326.244995 1
343.694000 273.161011 1
627.125977 275.453003 2
573.460999 376.364014 2
107.185997 109.662003 4
160.354004 157.720001 3
303.319000 431.110992 1
302.415009 277.123993 1
646.356018 76.271004 2
273.049988 98.422997 4
322.279999 127.796997 0
316.571991 423.484009 1
527.297974 137.360001 6
109.320999 138.093994 3
516.862976 222.919998 6
68.902000 139.455994 3
244.865005 144.837997 3
564.268982 446.346008 2
156.936996 397.286987 1
617.703979 182.919006 2
549.927979 346.869995 2
136.505005 358.880005 7
30.176001 163.656006 3
645.859009 90.375999 2
65.714996 293.321991 1
630.739014 75.793999 2
436.595001 322.252014 1
149.255997 82.263000 4
640.122986 327.992004 9
493.700012 81.477997 5
73.189003 283.024994 1
553.997009 171.033005 6
613.653992 217.576004 2
631.802002 201.360992 2
486.769989 63.443001 5
435.421997 127.915001 5
542.564026 260.109009 0
82.549004 396.464996 1
187.419006 79.654999 4
309.100006 420.442993 1
622.698975 162.276993 2
478.121002 170.151993 5
496.778992 472.080994 0
517.124023 348.838989 2
514.013000 386.662994 2
493.326996 124.913002 6
449.539001 370.556000 1
78.691002 382.346985 1
464.078003 161.585999 5
589.322021 412.483002 2
130.117004 397.178986 1
185.050995 271.686005 1
314.473999 267.889008 1
596.177002 402.183014 2
96.331001 338.421997 0
274.993011 438.217010 1
435.683014 124.078003 5
279.046997 85.553001 4
528.455994 131.645996 6
562.703979 406.324005 2
439.334015 133.910995 5
321.851013 252.632004 1
82.103996 408.894989 1
440.527008 344.362000 1
172.041000 286.123993 1
642.406982 309.565002 9
48.354000 383.203003 1
102.360001 171.072998 3
564.062012 150.091003 6
282.015991 73.362000 4
58.049000 283.024994 1
500.460999 158.600006 5
63.500000 89.411003 4
170.934006 404.886993 1
341.816986 62.240002 0
435.992004 391.306000 1
29.612000 444.678986 0
165.878006 101.694000 4
327.575989 373.535004 8
632.843018 123.352997 2
623.013000 280.915985 2
428.855011 108.991997 5
594.091003 459.855988 2
318.322998 182.643005 3
239.992004 277.575989 1
92.192001 414.277008 1
564.456970 410.191986 2
265.653015 397.242004 0
278.791992 169.514008 3
433.571014 401.859009 1
67.981003 99.657997 4
224.992996 112.876999 4
570.476990 313.669006 2
100.432999 293.333008 1
500.674011 70.160004 5
178.395996 81.042000 4
326.708008 76.464996 4
475.391998 161.703995 5
377.884003 252.613998 0
601.208008 281.781006 2
206.587006 182.757996 3
259.313995 147.326996 3
557.958984 344.066010 2
80.431999 415.289001 1
427.075989 360.605011 1
312.691986 253.979996 1
149.880005 182.701996 3
155.358002 377.928986 7
532.836975 142.268005 6
642.937012 436.123993 2
260.295013 265.730988 1
622.981995 416.398987 2
613.403992 394.390991 2
38.231998 89.275002 4
654.085999 414.582001 2
651.239014 171.770996 2
39.507000 393.377991 1
188.283997 322.876007 7
35.971001 410.048004 0
637.739014 447.421997 2
650.557983 92.823997 2
237.957001 69.966003 4
369.997986 339.345001 8
162.565002 108.361000 4
598.671997 291.865997 2
618.195007 132.638000 2
191.511002 346.678009 7
534.697998 363.307007 2
141.028000 110.828003 4
440.513000 159.072006 5
575.070007 451.457001 2
530.982971 149.569000 6
643.570007 190.464005 2
130.003006 83.758003 4
321.104004 23.304001 0
433.889008 100.898003 5
483.962006 235.955994 6
263.244995 437.330994 1
557.155029 153.820999 6
143.044998 76.193001 4
580.607971 297.476990 2
135.977997 112.664001 4
216.134003 134.074005 0
546.888000 377.032013 2
52.415001 322.428986 1
10.613000 220.070007 0
552.546997 66.375999 0
51.622002 306.263000 1
363.035004 265.407013 1
61.016998 279.733002 1
47.073002 304.217010 1
613.143005 237.416000 2
559.695007 441.709015 2
225.768005 279.524994 1
7.001000 340.665009 1
558.218994 454.309998 2
80.120003 48.598000 0
188.279007 37.786999 0
617.765015 197.608002 2
172.850998 438.937988 1
568.815979 443.492004 2
608.318970 187.675003 2
37.484001 366.457001 1
528.385010 149.093002 6
441.056000 131.792007 5
73.414001 87.179001 4
673.088989 366.536987 9
604.637024 437.700012 2
626.182983 385.463013 2
647.140015 108.757004 2
536.450012 90.658997 5
38.134998 81.592003 4
572.552002 155.735992 6
449.750000 132.160995 5
667.921997 425.279999 2
477.005005 179.119995 5
328.259003 148.582001 3
254.703995 420.248993 1
421.804993 94.133003 5
675.317993 135.110992 0
531.640991 306.148010 2
495.579987 231.429993 6
632.502991 333.635986 9
183.895996 274.962006 1
250.162003 265.480988 1
300.684998 264.760986 1
620.354980 396.944000 2
652.476990 121.475998 2
236.938995 96.546997 4
416.075989 340.156006 0
148.895004 412.296997 1
195.977997 403.718994 1
520.077026 215.481995 6
223.216003 344.967987 0
150.177002 396.204010 1
628.710999 28.784000 0
573.861023 313.341003 2
274.855988 182.324997 3
256.751007 176.848999 3
135.570999 419.901001 1
135.223007 409.595001 1
320.842987 138.227997 3
658.106995 398.941986 2
656.658997 400.523010 2
446.962006 324.436005 1
162.121994 382.798004 7
622.718994 103.805000 2
213.039993 167.188995 3
31.215000 411.897003 0
164.546997 79.602997 4
107.639000 287.895996 1
152.865005 165.087997 3
362.763000 354.907013 8
67.786003 297.253998 1
179.179993 279.618011 1
300.820007 274.928009 1
250.365005 81.036003 4
278.976990 99.092003 4
108.614998 389.233002 1
149.279007 91.324997 4
148.289993 315.924011 7
107.208000 272.740997 1
243.231003 277.589996 1
228.347000 344.643005 0
602.471985 445.846008 2
520.692017 368.423004 2
498.238007 126.196999 6
521.288025 316.066010 2
627.145996 109.379997 2
641.044006 200.835999 2
619.060974 226.108002 2
658.948975 430.898987 2
598.838013 224.764008 2
295.165009 96.014999 4
609.640991 262.756989 2
70.247002 107.198997 4
573.317993 404.971008 2
106.041000 417.726013 1
557.718994 322.274994 2
217.054001 130.626007 0
176.218994 149.932007 3
660.151001 347.290009 9
605.596008 434.319000 2
247.044006 82.663002 4
509.907013 64.625000 5
514.213013 405.945007 2
147.783005 322.338013 7
112.180000 112.098000 4
329.865997 99.702003 4
685.940002 340.389008 9
27.995001 377.312012 1
474.188995 389.984009 0
196.535004 148.651993 3
334.585999 329.566986 8
352.803986 291.481995 1
545.130005 427.628998 2
431.678009 78.412003 5
530.870972 239.966003 6
183.617004 352.579010 7
563.017029 62.695999 0
301.244995 110.521004 4
65.510002 68.935997 4
309.714996 369.428986 8
512.424011 318.023987 2
540.057007 242.031998 6
198.559006 156.056000 3
485.441010 236.809006 6
165.878006 162.238007 3
153.608002 312.348999 7
226.240997 410.567993 1
296.566986 402.621002 1
119.553001 284.864990 1
598.427979 433.658997 2
358.661987 406.113007 1
363.013000 359.636993 8
647.440002 440.968994 2
133.035995 147.169998 3
572.882996 380.489990 2
332.842010 273.049011 1
663.848022 276.683990 0
472.320007 408.701996 0
657.833984 71.507004 2
654.070007 433.105988 2
559.536011 338.843994 2
580.489014 400.386993 2
134.272003 291.433990 1
534.138000 427.444000 2
655.864990 99.736000 2
271.563995 371.106995 0
88.601997 101.541000 4
469.074005 215.317001 6
524.359985 370.739990 2
99.781998 395.363007 1
356.442993 312.184998 8
484.135010 234.598007 6
551.322998 34.900002 0
297.011993 176.748993 3
52.566002 101.100998 4
247.826996 254.807999 1
345.278015 278.078003 1
587.403015 314.782013 2
33.044998 182.992004 3
331.488007 378.160004 8
525.280029 448.942993 2
544.763000 416.648987 2
668.226990 357.753998 9
141.667999 344.238007 7
602.250000 53.376999 0
599.096008 301.181000 2
221.841995 414.472992 1
268.170990 423.519989 1
418.878998 306.950989 1
112.015999 84.654999 4
178.619995 211.279007 0
631.737000 433.333008 2
47.429001 318.592987 1
342.256989 305.088989 8
184.723007 76.178001 4
560.390015 413.576996 2
635.057007 99.889999 2
642.241028 176.610992 2
623.064026 357.850006 9
152.751007 427.648987 1
508.829010 433.170990 2
215.330002 158.716003 3
87.522003 183.391998 3
276.933014 262.471008 1
280.907013 75.983002 4
559.049011 168.660995 6
157.916000 192.259003 0
586.974976 395.988007 2
92.593002 91.009003 4
260.174011 419.076996 1
337.223999 434.135986 1
295.300995 259.997986 1
635.286987 92.205002 2
177.824005 176.733002 3
626.520996 150.994995 2
650.768005 347.282013 9
142.710007 325.194000 7
195.014008 260.765991 1
597.515015 308.638000 2
29.570999 139.059998 3
624.448975 273.911011 2
568.323975 311.984009 2
155.643005 342.988007 7
640.049011 109.363998 2
133.656006 285.026001 1
125.206001 346.962006 7
175.444000 426.841003 1
462.238007 70.642998 5
497.181000 171.356003 5
305.496002 325.816986 8
551.559021 392.084015 2
209.891998 409.092010 1
222.050003 422.855988 1
301.089996 146.563995 3
266.970001 159.699005 3
329.792999 257.678986 1
512.065979 429.222992 2
269.260010 427.516998 1
558.706970 369.391998 2
322.520996 300.108002 0
179.363007 343.574005 7
481.889008 347.473999 1
194.406998 95.514000 4
298.229004 148.537003 3
509.623993 398.127991 2
440.130005 142.847000 5
552.296021 113.073997 0
218.037994 424.520996 1
287.066010 419.621002 1
308.700989 220.709000 0
525.249023 83.088997 5
100.811996 445.904999 0
517.870972 217.438995 6
385.221985 193.365997 0
161.373993 306.955994 7
160.061005 162.919006 3
444.084015 377.757996 1
240.496994 159.380005 3
642.872009 267.022003 2
639.708008 183.470001 2
549.872986 356.255005 2
638.908020 412.799988 2
552.025024 183.050995 6
576.455017 382.311005 2
323.816010 329.506989 8
205.205002 111.306000 4
317.764008 359.009003 8
243.138000 83.169998 4
601.216003 118.955002 0
471.000000 42.333000 5
449.855988 99.008003 5
662.426025 435.388000 2
286.265015 104.523003 4
589.273010 287.346008 2
505.397003 118.405998 6
342.207001 403.885010 1
491.498993 155.056000 5
330.692993 336.872009 8
317.289001 75.749001 4
472.171997 324.990997 1
658.244995 451.954010 2
619.026001 422.644012 2
650.429993 371.571991 9
39.456001 379.239990 1
605.453003 296.535004 2
260.291992 244.798996 1
364.260010 273.683990 1
29.184000 365.394012 1
388.079987 292.075989 1
613.903015 238.636002 2
30.773001 182.050995 3
374.515991 301.580994 1
534.116028 154.514008 6
594.656006 454.283997 2
376.317993 177.912994 0
91.281998 381.058014 1
397.072998 412.391998 1
223.854996 282.011993 1
446.382996 384.338013 1
545.038025 440.497009 2
377.074005 381.859009 0
420.487000 314.393005 1
667.033997 421.661987 2
44.249001 151.582001 3
31.476999 439.335999 0
132.401001 322.734985 7
622.788025 326.140991 9
648.068970 102.873001 2
530.146973 145.494003 6
531.935974 83.234001 5
140.904007 277.321991 1
310.828003 404.414001 1
557.807007 146.949997 6
237.889008 251.472000 1
558.215027 298.018005 2
639.620972 345.609009 9
111.600998 417.356995 1
128.660995 101.036003 4
314.833008 365.398010 8
188.384995 321.230988 7
183.897995 345.109009 7
163.160995 324.580994 7
609.945007 158.653000 2
426.450012 52.516998 0
531.815002 412.475006 2
219.130997 144.699997 3
281.684998 152.054993 3
283.147003 173.367996 3
423.759003 283.364990 1
436.217010 145.501007 5
524.143005 440.911987 2
177.449997 439.960999 1
91.672997 110.781998 4
622.679993 96.452003 2
548.989990 445.056000 2
463.955994 354.920013 1
497.636993 243.309006 6
624.271973 120.167000 2
453.101990 366.191010 1
588.914001 313.694000 2
497.529999 297.817993 0
292.226990 97.319000 4
37.535999 332.915009 1
488.289001 153.917007 5
199.727997 78.253998 4
68.110001 377.471985 1
335.635986 268.433014 1
622.070007 435.691986 2
120.678001 77.235001 4
582.392029 447.665985 2
85.810997 273.790985 1
20.492001 117.848000 0
57.620998 204.113998 0
637.158997 73.380997 2
586.942017 292.404999 2
24.030001 380.497986 1
39.997002 346.345001 1
351.776001 257.867004 1
654.364014 164.570007 2
67.630997 281.964996 1
312.980011 349.579010 8
304.075989 95.292000 4
164.565994 195.619995 0
21.250000 395.131989 0
610.903992 293.739014 2
593.989014 294.398987 2
492.019989 173.322998 5
206.425003 253.490005 1
639.034973 324.523010 9
171.960007 314.649994 7
207.033997 427.407013 1
174.807999 376.095001 7
654.479004 321.520996 9
522.247009 253.701004 6
381.894989 301.574005 0
654.517029 352.398010 9
140.507004 167.783997 3
90.817001 74.779999 4
653.078979 324.433990 9
257.597992 159.278000 3
151.598007 431.098999 1
132.632996 397.507996 1
506.049011 361.971985 2
433.946014 391.346008 1
519.179016 335.464996 2
119.810997 163.209000 3
557.338013 299.815002 2
192.697998 158.880005 3
255.649994 259.421997 1
307.755005 254.365997 1
131.505005 318.993011 7
32.469002 350.817993 1
328.752991 180.934006 3
355.764008 346.506012 8
162.009003 365.578003 7
159.764008 288.052002 1
186.733994 340.229004 7
216.791000 146.862000 3
263.317993 272.683014 1
455.742004 72.603996 5
268.420013 86.230003 4
292.567993 147.238007 3
615.757996 184.003006 2
298.360992 403.140015 1
519.354004 138.606003 6
113.161003 464.919006 0
609.122009 221.182999 2
267.109985 245.750000 1
389.937012 300.233002 1
226.781006 155.953003 3
97.681999 374.897003 0
557.218994 344.553009 2
173.604996 152.324005 3
77.681000 162.675995 3
447.242004 145.225998 5
298.536011 440.790985 1
312.022003 348.165985 8
167.759003 340.476013 7
369.658997 364.718994 8
604.825012 274.537994 2
122.592003 181.863998 3
629.202026 448.540009 2
163.651993 340.605011 7
138.735001 255.858002 1
213.341995 94.471001 4
125.958000 88.053001 4
311.678009 340.688995 8
171.972000 349.878998 7
680.778015 425.674011 2
13.728000 351.924011 1
48.043999 400.104004 1
21.377001 168.643005 3
123.088997 100.894997 4
19.667000 375.510010 1
164.703995 92.566002 4
442.384003 396.066986 1
275.580994 351.404999 0
286.412994 159.675003 3
370.118988 347.432007 8
162.837006 269.796997 1
314.320007 93.690002 4
226.848007 40.917000 0
569.937988 171.432007 6
309.394989 365.089996 8
472.748993 148.429993 5
278.117004 143.587997 3
568.468018 309.373993 2
175.917999 38.721001 0
43.021999 338.100006 1
503.763000 173.522995 5
474.666992 365.796997 1
226.690002 152.757996 3
293.524994 248.841995 1
273.533997 153.242004 3
128.759995 145.878998 3
397.475006 286.912994 1
144.132996 356.156006 7
354.132996 269.653015 1
129.707001 289.459015 1
143.772995 82.585999 4
267.723999 80.724998 4
526.495972 343.756012 2
381.669006 414.329987 1
420.457001 309.084991 1
574.656982 82.986000 0
247.656998 259.677002 1
565.715027 139.565002 6
339.967987 421.177002 1
218.128006 111.169998 4
532.203003 96.017998 5
517.963013 234.854004 6
337.117004 367.580994 8
319.837006 91.652000 4
529.833984 370.290985 2
640.049988 125.600998 2
529.989990 82.646004 5
64.140999 309.217987 1
259.265991 250.453003 1
153.654999 158.319000 3
138.475006 95.156998 4
219.615997 140.884995 3
127.742996 155.522995 3
108.138000 171.709000 3
271.075989 286.597992 1
613.606018 222.104004 2
132.612000 258.951996 1
233.117004 85.500000 4
509.415985 134.110001 6
21.902000 328.277008 1
547.195007 424.432007 2
52.316002 398.140991 1
647.487976 117.958000 2
637.309021 88.873001 2
139.807007 367.959015 7
250.737000 248.985001 1
123.220001 338.794006 7
31.768999 453.825012 0
628.520020 171.490005 2
650.567993 245.537003 2
449.420013 133.343002 5
341.528992 47.108002 0
534.818970 219.895004 6
206.363007 170.472000 3
170.699997 94.893997 4
632.968994 261.954010 2
228.014999 438.665009 1
117.997002 286.311005 1
560.000000 40.344002 0
29.242001 182.931000 3
52.893002 316.242004 1
679.437012 321.915985 9
631.416016 185.796997 2
512.512024 354.648987 2
514.638977 389.036011 2
513.127014 325.575989 2
243.869995 271.019989 1
418.730011 294.246002 1
376.498993 156.442001 0
634.318970 405.427002 2
104.373001 388.312988 1
129.886002 321.569000 7
619.031006 205.035995 2
277.513000 440.584015 1
647.190979 152.707993 2
372.316010 35.486000 0
284.052002 145.360001 3
138.464005 161.955994 3
193.906006 407.432007 1
157.020996 401.852997 1
111.268997 397.428009 1
331.115997 347.739990 8
534.940002 432.802002 2
438.462006 328.803986 1
147.830994 285.022003 1
304.787994 343.217010 8
556.017029 129.035995 6
497.067993 38.469002 0
12.464000 130.701004 0
567.994995 294.908997 2
582.588989 394.126007 2
545.107971 404.592987 2
59.150002 113.736000 4
442.082001 164.869995 5
465.039001 300.908997 1
371.941010 404.088013 1
201.513000 145.024002 3
140.490005 419.932007 1
175.281006 98.624001 4
188.610992 358.993011 7
400.005005 400.841003 1
165.307999 346.644989 7
124.357002 87.908997 4
445.036987 217.813995 0
616.338989 165.106995 2
567.338989 287.231995 2
47.987999 324.865997 1
612.453979 267.634003 2
622.554993 155.503006 2
624.422974 205.916000 2
575.693970 402.286011 2
543.174011 409.723999 2
633.229980 423.832001 2
637.724976 409.562988 2
376.785004 274.533997 1
173.304993 166.005005 3
175.091003 183.279007 3
571.578003 157.207001 6
109.286003 278.229004 1
55.006001 314.088013 1
489.088989 246.339996 6
514.466003 115.259003 6
202.386002 70.151001 4
474.654999 209.546997 6
108.316002 149.565002 3
300.140991 154.473999 3
604.044983 420.902008 2
399.710999 277.112000 1
264.898010 268.744995 1
436.786987 132.524002 5
638.590027 224.528000 2
619.070984 135.845993 2
117.387001 389.002014 1
375.638000 265.769012 1
559.703979 133.750000 6
517.682007 370.485992 2
541.903992 314.920990 2
97.247002 416.010010 1
637.765015 351.022003 9
133.429993 402.627991 1
100.708000 71.991997 4
9.444000 36.062000 0
434.548004 292.794006 1
183.651001 280.559998 1
377.234985 156.330994 0
151.701996 286.828003 1
613.349976 439.558014 2
194.606003 260.516998 1
454.519989 145.119003 5
520.989990 222.182999 6
212.100006 258.684998 1
186.615997 97.939003 4
450.067993 144.072998 5
202.485001 183.322006 3
538.482971 395.634003 2
523.065002 323.598999 2
489.553986 61.397999 5
152.134003 71.102997 4
606.807007 295.503998 2
528.518982 230.550995 6
287.187012 194.975006 0
474.618011 302.061005 0
657.434998 386.735992 0
123.530998 74.486000 4
271.997009 376.684998 0
132.272003 317.660004 7
666.254028 366.738007 9
234.863998 244.591995 1
331.046997 343.178986 8
68.620003 35.877998 0
461.429993 303.425995 1
623.036987 84.805000 2
561.341980 435.167999 2
239.298996 74.720001 4
62.999001 141.875000 3
634.489014 84.074997 2
152.451004 267.613007 1
666.437988 415.800995 2
138.141006 280.040985 1
91.365997 381.386993 1
34.131001 338.700012 1
376.725006 250.658005 0
51.056999 424.760010 0
232.393997 151.074997 3
261.795990 69.121002 4
517.765015 182.529007 0
37.380001 295.186005 1
623.174011 129.897003 2
348.208008 281.281006 1
159.181000 354.446991 7
233.091995 152.457001 3
518.666016 401.981995 2
52.359001 332.334991 1
340.544006 259.696014 1
637.156006 71.194000 2
229.375000 263.294006 1
97.774002 263.772003 1
50.810001 113.059998 4
207.050003 105.295998 4
617.815002 225.705002 2
105.982002 182.186996 3
335.273010 256.859985 1
16.346001 344.690002 1
678.359985 323.471985 9
516.697998 142.955002 6
223.914001 143.268997 3
147.042007 161.860992 3
398.246002 268.554993 1
285.811005 250.393997 1
452.299988 330.333008 1
65.527000 161.731003 3
639.283997 155.419998 2
160.660995 77.249001 4
271.635010 397.507996 0
660.578003 118.682999 2
641.492981 439.113007 2
397.938995 396.424011 1
652.603027 449.102997 2
38.006001 173.669998 3
271.966003 92.032997 4
580.291016 302.287994 2
208.819000 169.778000 3
678.320007 297.235992 0
431.127991 198.136002 0
450.016998 67.966003 5
255.987000 415.031006 1
231.613007 273.808990 1
518.556030 444.058990 2
627.393005 96.188004 2
322.170990 376.739990 8
505.226990 95.383003 0
503.431000 246.104004 6
315.406006 420.570007 1
652.585022 401.112000 2
624.526978 393.526001 2
261.678986 149.472000 3
555.510986 152.813004 6
676.317017 172.003998 0
628.684998 372.000000 9
514.328003 381.747986 2
213.494003 275.385010 1
588.765991 273.209015 2
11.956000 364.115997 1
181.494003 183.688004 3
254.753998 282.675995 1
258.957001 169.695999 3
123.146004 92.857002 4
364.302002 270.023987 1
367.062012 362.601990 8
666.442017 331.636993 9
78.365997 378.118011 1
192.186996 439.127991 1
447.294006 324.684998 1
123.644997 264.834991 1
235.792999 169.369995 3
95.734001 411.592010 1
375.411011 289.983002 1
316.657013 105.435997 4
35.171001 384.492004 1
460.683990 168.548996 5
365.962006 267.834015 1
424.250000 292.415009 1
592.369019 249.464996 2
380.518005 270.067993 1
61.459999 320.604004 1
103.745003 99.497002 4
56.139000 315.726013 1
369.309998 424.533997 1
560.356018 325.920013 2
184.175003 78.767998 4
492.845001 83.635002 5
617.961975 457.550995 2
629.624023 250.341003 2
168.485992 180.895004 3
221.220993 344.022003 0
195.007996 322.337006 7
271.695007 246.419998 1
526.283020 415.778992 2
536.098022 149.819000 6
173.306000 420.526001 1
632.776001 438.066986 2
328.928986 142.843994 3
540.773987 399.332001 2
345.635986 271.782990 1
388.044006 67.294998 0
471.278992 156.899994 5
535.119019 328.843994 2
650.526978 322.450989 9
241.600006 95.723999 4
651.132019 174.201996 2
377.700989 41.730999 0
276.889008 407.630005 1
277.242004 182.848999 3
661.580017 465.583008 0
433.709015 143.261993 5
425.877991 402.696991 1
148.466995 251.949997 1
264.750000 438.256012 1
670.940002 442.076996 2
532.844971 227.692001 6
236.113007 149.195999 3
146.451004 359.415985 7
512.021973 218.444000 6
653.301025 401.141998 2
656.562988 179.591003 2
217.289993 48.922001 0
87.379997 231.195999 0
496.040985 112.870003 0
453.442993 320.855011 1
136.302002 140.203995 3
169.332993 98.483002 4
311.294006 143.184998 3
191.319000 409.424988 1
507.720001 354.306000 2
401.513000 295.343994 1
513.526978 412.269989 2
526.989990 402.670013 2
263.635010 431.596985 1
292.412994 432.011993 1
631.508972 202.578995 2
191.785995 173.541000 3
617.341980 85.768997 2
557.840027 219.158005 6
131.893005 395.601013 1
557.208984 309.862000 2
142.356003 284.781006 1
274.540985 437.670990 1
107.181000 164.723999 3
144.244003 179.076004 3
536.043030 82.472000 5
32.403000 304.968994 1
174.205002 256.158997 1
213.100006 410.277008 1
215.529999 250.901993 1
407.023010 415.673004 1
35.824001 310.872986 1
665.372986 359.928986 9
295.338989 161.434006 3
242.815002 443.104004 1
471.001007 209.154007 6
170.276001 356.239014 7
83.198997 398.171997 1
613.575989 253.990005 2
153.061996 74.210999 4
598.424011 231.225006 2
152.891998 271.947998 1
457.438995 141.048004 5
145.682999 153.143997 3
634.732971 197.742004 2
612.638977 241.334000 2
67.529999 167.307999 3
442.536011 303.815002 1
657.968018 328.976990 9
456.950989 345.312988 1
488.838989 167.117004 5
217.505005 342.479004 0
73.250999 159.110001 3
288.109009 334.132996 0
633.869019 188.259003 2
261.415009 419.707001 1
302.256012 83.969002 4
557.549011 203.253006 6
535.198975 380.906006 2
280.259003 260.381989 1
460.102997 375.256012 1
547.908020 373.610992 2
19.802999 148.477997 3
160.632996 90.148003 4
168.822998 350.884003 7
350.440002 272.807007 1
346.265991 268.385986 1
367.195007 410.765991 1
468.984985 159.886002 5
32.168999 92.056999 4
463.023010 367.790985 1
648.189026 211.444000 2
118.992996 94.764000 4
237.389008 81.387001 4
188.524002 139.940002 3
629.794983 178.645996 2
270.053986 267.865997 1
315.274994 416.778015 1
615.721008 101.537003 2
109.046997 414.292999 1
639.838013 333.373993 9
238.561005 408.307007 1
650.806030 149.220993 2
645.133972 160.731003 2
227.643005 143.225006 3
450.941986 66.348000 5
164.845993 161.014008 3
443.041992 75.007004 5
351.670013 410.950989 1
55.946999 353.436005 1
199.753006 78.471001 4
178.429993 344.291992 7
295.375000 149.494003 3
208.477997 280.365997 1
49.717999 345.273010 1
321.545990 169.716995 3
467.660004 374.984985 1
400.563995 396.718994 1
213.511002 437.019012 1
315.170990 409.575012 1
107.021004 144.255997 3
402.005005 292.626007 1
172.453003 308.936005 7
505.260010 115.024002 6
29.058001 380.088013 1
560.083984 444.231995 2
28.827999 372.032013 1
548.825989 141.248001 6
649.517029 372.980011 9
95.612999 159.529999 3
620.304993 136.759003 2
225.110001 140.914993 3
195.345993 160.363998 3
327.795990 337.735992 8
296.868988 125.834000 0
480.223999 206.365997 6
549.794983 166.147003 6
577.221008 281.441986 2
532.405029 255.865005 6
161.514008 98.379997 4
361.192993 349.372009 8
551.726013 358.381989 2
620.158997 165.072006 2
327.558014 402.183014 1
654.421997 231.376999 2
650.418030 148.365997 2
519.726013 64.113998 5
662.880005 114.582001 2
255.063004 98.000000 4
53.187000 433.308990 0
441.083008 165.113998 5
538.825012 248.076996 6
21.393999 326.608002 1
497.907013 354.890015 0
315.928009 256.769012 1
259.968994 68.071999 4
573.338989 379.514008 2
217.335999 315.332001 0
367.515015 258.700989 1
102.806999 275.399994 1
61.471001 180.701004 3
630.593994 100.997002 2
39.715000 368.950989 1
639.190002 227.263000 2
207.397003 100.794998 4
680.669983 387.036011 0
656.541992 400.817993 2
518.854004 230.740997 6
494.350006 175.427002 5
64.925003 396.342987 1
356.246002 320.109009 8
284.032013 83.041000 4
168.300995 341.989014 7
155.727005 262.001007 1
32.958000 147.888000 3
579.466980 400.795990 2
189.679993 246.912994 1
322.372009 34.720001 0
547.476013 162.095993 6
330.260010 174.695007 3
516.405029 338.377014 2
490.389008 46.648998 5
262.919006 33.311001 0
639.846985 146.072998 2
272.453003 41.915001 0
551.799988 344.665009 2
138.313004 397.153015 1
631.849976 168.908997 2
537.229980 287.783997 2
664.939026 427.302002 2
396.601013 384.321991 1
157.438995 302.479004 7
175.906998 100.194000 4
301.649994 365.576996 8
467.529999 71.011002 5
220.619995 160.151993 3
631.406006 168.195999 2
508.915985 248.813004 6
425.778992 382.455994 1
28.931000 316.145996 1
564.218018 154.309998 6
470.216003 82.182999 5
176.938004 140.516006 3
206.130997 264.748993 1
607.867004 257.979004 2
651.958008 192.903000 2
120.652000 393.561005 1
201.488998 276.181000 1
398.652008 301.402008 1
405.510986 413.528015 1
503.289001 123.977997 6
496.618011 318.632996 0
657.958984 74.239998 2
638.974976 191.449005 2
650.914001 214.888000 2
330.640015 159.322998 3
282.550995 168.496994 3
670.421997 336.606995 9
555.255005 445.010010 2
487.053986 243.987000 6
673.833984 435.253998 2
552.114014 174.774002 6
243.511002 71.385002 4
618.023987 277.471985 2
564.758972 406.161987 2
577.565979 418.339996 2
415.453003 246.524994 0
199.449005 347.092987 7
519.911011 148.304993 0
21.951000 179.998001 3
477.382996 206.462006 6
129.210007 38.800999 0
60.876999 77.748001 4
291.911011 74.741997 4
526.791992 183.585999 0
168.274002 139.703003 3
135.750000 415.130005 1
363.806000 278.135010 1
59.542999 89.464996 4
302.473999 277.980988 1
625.340027 106.851997 2
239.031998 433.091003 1
564.375000 214.272003 6
291.911987 109.755997 4
184.235001 279.375000 1
25.855000 98.250999 4
60.453999 389.410004 1
647.216980 340.106995 9
394.226013 197.311005 0
565.390991 162.419998 6
572.525024 310.947998 2
214.794998 82.535004 4
180.649002 234.595993 0
352.145996 328.862000 8
124.690002 171.154999 3
609.013000 446.653015 2
325.854004 157.121002 3
448.289001 168.177002 5
437.226990 133.121002 5
435.367004 142.662003 5
547.773987 381.628998 2
566.382996 104.563004 0
147.602997 280.191986 1
650.434021 352.179993 9
154.945007 329.415985 7
586.265991 455.924988 2
221.113007 272.720001 1
377.394012 445.023010 0
24.844999 314.102997 1
549.143982 406.954010 2
179.108994 411.623993 1
560.466003 353.040985 2
460.649994 88.260002 5
446.885986 330.255005 1
195.723999 283.031006 1
234.845001 283.690002 1
553.838013 324.944000 2
208.160004 69.528999 4
179.727005 378.364014 7
321.760986 266.933990 1
404.009003 423.263000 0
649.562988 445.368988 2
111.919998 273.058990 1
441.670013 365.174988 1
437.278015 378.592987 1
605.867981 266.005005 2
545.588989 452.721008 2
583.482971 409.846008 2
546.004028 405.954987 2
159.016006 80.707001 4
650.841003 145.628006 2
447.563995 97.450996 5
517.343994 255.757004 6
310.973999 102.938004 4
216.037994 64.569000 4
124.177002 156.399994 3
92.818001 95.487999 4
303.178986 269.217010 1
628.908020 426.337006 2
95.382004 283.042999 1
640.833008 413.799011 2
640.390991 71.836998 2
300.325989 87.101997 4
623.086975 221.653000 2
617.484009 164.544006 2
512.328979 399.970001 2
554.335022 206.419998 6
245.725006 176.550003 3
527.094971 356.700989 2
177.794006 362.899994 7
259.915009 280.401001 1
431.324005 213.774002 0
211.007996 406.200989 1
183.210007 330.199005 7
278.386993 274.684998 1
535.455994 87.447998 5
670.583984 341.830994 9
217.481995 246.360992 1
662.455017 353.756989 9
651.895020 100.922997 2
615.241028 291.808014 2
231.639999 272.950012 1
564.484985 302.601990 2
516.205017 77.532997 5
202.841995 148.460007 3
549.317993 161.796005 6
255.052994 436.029999 1
529.656982 248.759995 6
660.984985 94.011002 2
228.559006 89.153000 4
112.112000 419.716003 1
556.690002 413.251007 2
169.408997 413.670013 1
191.787003 404.076996 1
512.211975 340.214996 2
221.464005 414.537994 1
427.989014 378.664001 1
127.327003 350.907990 7
557.695984 361.471008 2
620.414001 92.150002 2
458.212006 325.358002 1
19.034000 154.731995 3
393.869995 275.359009 1
276.024994 83.637001 4
321.916992 76.855003 4
404.182007 297.960999 1
493.319000 135.259995 6
604.289001 242.737000 2
373.342010 401.657990 1
175.182999 161.289001 3
71.968002 312.744995 1
325.209015 94.219002 4
285.290985 104.915001 4
315.753998 85.203003 4
642.616028 391.002991 2
485.634003 43.419998 5
474.781006 38.977001 5
151.888000 262.644012 1
304.713989 407.514008 1
47.077000 239.179001 0
626.289001 425.484985 2
177.360001 178.535004 3
626.987976 222.953003 2
514.564026 214.179993 6
637.916016 457.003998 2
488.404999 161.466995 5
559.901001 46.688000 0
303.714996 148.011993 3
518.369019 85.695000 5
545.124023 292.471985 2
139.817001 338.042999 7
560.393982 461.868988 2
317.028015 420.227997 1
60.880001 293.368988 1
623.723022 86.805000 2
680.627014 337.920990 9
440.407990 146.542007 5
86.696999 31.889000 0
155.220993 351.907990 7
272.765015 340.341003 0
447.604004 51.804001 5
101.557999 388.536011 1
546.143982 234.929993 6
622.862976 439.414001 2
83.251999 379.713989 1
77.644997 381.208008 1
177.522003 109.440002 4
68.680000 169.235992 3
395.597992 268.553986 1
487.013000 214.470993 6
223.697998 344.578003 0
32.655998 127.236000 0
421.143005 382.165009 1
148.044998 369.218994 7
88.934998 341.535004 0
668.906982 412.209015 2
233.076004 107.535004 4
397.911987 407.820007 1
631.935974 252.699005 2
476.600006 45.717999 5
650.512024 434.490997 2
305.675995 166.653000 3
263.238007 170.401993 3
640.872009 396.954010 2
328.648010 98.986000 4
296.079987 111.792999 4
341.285004 395.931000 1
602.307007 309.062012 2
88.192001 103.001999 4
386.674011 28.582001 0
97.786003 286.273987 1
174.845001 146.046997 3
162.572998 347.153992 7
379.170013 264.622986 1
519.091003 374.614014 2
664.838013 183.320007 2
217.397995 42.423000 0
321.451996 291.516998 0
446.947998 293.479004 1
635.356995 206.880005 2
282.084991 277.981995 1
522.390015 324.931000 2
43.105000 353.880005 1
98.302002 383.250000 1
181.412994 319.817993 7
639.310974 314.082001 9
62.382000 291.553986 1
159.964005 138.389999 3
93.709000 146.522003 3
221.757996 423.954987 1
151.944000 402.898010 1
427.566986 403.036011 1
549.437988 368.815002 2
455.329010 78.196999 5
614.124023 157.380005 2
322.760010 307.044006 8
72.177002 168.151993 3
327.811005 266.218994 1
170.253006 354.860992 7
537.620972 221.067993 6
213.039001 263.122986 1
516.302002 92.341003 5
497.553009 400.884003 0
507.816986 371.654999 2
471.829987 366.579987 1
637.023987 162.813004 2
444.773010 357.024994 1
481.872986 338.631012 1
512.997986 347.134003 2
628.390015 88.574997 2
320.938995 350.723999 8
28.334999 324.941986 1
92.196999 298.826996 1
165.882996 375.174011 7
652.265015 447.102997 2
534.705994 111.797997 0
258.473999 248.625000 1
305.290985 406.214996 1
621.877991 67.821999 0
364.997009 270.279999 1
540.705017 225.419998 6
233.688995 95.781998 4
74.502998 78.406998 4
623.036987 207.233994 2
346.915009 272.571014 1
486.403015 152.427002 5
584.591980 313.553986 2
440.528015 341.441986 1
109.970001 248.891006 0
527.642029 333.274994 2
228.222000 273.869995 1
248.964005 83.422997 4
326.104004 188.932007 0
152.505005 336.032990 7
484.696991 47.808998 5
326.158997 334.144989 8
673.505981 317.648010 9
331.539001 68.709000 0
630.450989 406.166992 2
497.066010 245.785995 6
80.627998 179.466003 3
529.250000 73.029999 5
117.094002 154.335999 3
554.263977 299.127014 2
616.898010 386.717987 2
74.330002 386.575989 1
206.035995 275.737000 1
643.682983 218.598007 2
304.992004 419.059998 1
504.597992 124.780998 6
502.427002 236.660995 6
122.223999 93.222000 4
55.712002 147.110992 3
215.554001 111.434998 4
497.417999 128.429993 6
399.666992 290.503998 1
531.057983 235.723007 6
342.130005 307.169006 8
631.853027 261.096985 2
34.327000 141.917999 3
56.950001 79.730003 4
650.625977 74.384003 2
356.148987 333.641998 8
292.506012 95.049004 4
462.699005 176.173004 5
386.850006 268.208008 1
604.294006 397.670013 2
523.073975 250.800995 6
182.160004 148.261993 3
118.634003 179.388000 3
648.763000 364.824005 9
615.151001 186.791000 2
448.145996 393.502014 1
238.567001 270.765991 1
8.299000 353.825989 1
580.346985 314.179993 2
107.852997 277.026001 1
555.218018 155.697998 6
545.633972 336.807007 2
676.581970 437.993011 2
384.227997 346.615997 0
607.241028 259.557007 2
117.581001 299.562988 1
118.736000 176.804001 3
537.857971 375.533997 2
151.764008 346.700989 7
376.023987 330.618988 8
574.489990 153.964996 6
282.821991 441.895996 1
60.198002 309.045990 1
128.783005 420.019012 1
447.401001 52.680000 5
422.701996 368.898987 1
49.889999 139.350998 3
505.463013 119.071999 6
59.532001 146.389008 3
435.863007 323.346985 1
565.573975 219.882996 6
476.391998 49.034000 5
123.734001 412.428009 1
368.001007 240.242004 0
512.729004 356.432007 2
53.425999 390.923004 1
524.781006 353.743011 2
458.566010 77.112000 5
510.183014 142.281998 6
164.899994 255.039001 1
437.877991 376.431000 1
634.765015 400.872986 2
55.605999 88.445000 4
568.984009 393.640015 2
628.554016 179.042007 2
447.502991 338.730011 1
307.544006 86.255997 4
148.751007 181.337006 3
132.514999 129.421997 0
549.330017 437.570007 2
625.452026 147.929001 2
333.921997 334.683014 8
624.533020 289.024994 2
72.269997 95.418999 4
630.330017 266.549988 2
696.325012 82.250000 0
164.578995 76.948997 4
392.026001 274.040985 1
536.838989 432.796997 2
564.372009 118.652000 0
605.757019 416.329987 2
429.007996 147.643005 5
288.082001 377.141998 0
384.773010 290.062988 1
154.658005 278.778015 1
347.617004 370.364990 8
433.618988 463.316010 0
625.616028 196.518997 2
435.467010 73.684998 5
96.516998 364.527008 0
233.190994 71.160004 4
683.947021 74.620003 0
194.718002 283.682007 1
511.287994 325.661011 2
125.612000 90.584000 4
359.751007 373.217987 8
525.965027 449.528992 2
377.868988 139.130005 0
566.814026 286.144989 2
57.686001 319.509003 1
335.998993 373.256989 8
610.906982 405.403992 2
507.259003 357.553986 2
283.184998 439.066010 1
505.015991 57.698002 5
556.502991 227.031998 6
315.489990 169.065994 3
32.731998 392.835999 1
610.484985 423.759003 2
347.843994 310.614990 8
315.864014 148.863007 3
541.129028 292.040009 2
401.691986 288.696014 1
544.992981 440.404999 2
65.745003 365.020996 1
98.724998 280.444000 1
633.734009 339.433990 9
537.706970 228.845001 6
91.612999 87.869003 4
217.337997 223.235992 0
648.825012 132.507996 2
437.355988 130.022003 5
330.182007 331.940002 8
311.971985 414.855988 1
631.966003 89.501999 2
195.382996 415.860992 1
363.075012 411.015015 1
288.006012 413.296997 1
645.809998 196.052002 2
156.692993 302.621002 7
149.382004 398.015991 1
570.237000 272.608002 2
19.915001 163.184006 3
32.847000 297.250000 1
612.380005 216.447006 2
387.325012 418.898010 1
273.514008 102.992996 4
313.859985 374.769012 8
485.907990 168.300995 5
251.936996 442.054993 1
197.845993 424.878998 1
188.770996 264.399994 1
647.804016 358.575012 9
35.466999 367.816986 1
644.518982 260.617004 2
694.861023 169.214005 0
79.446999 81.779999 4
329.850006 431.829010 1
574.890991 294.730011 2
111.322998 271.554993 1
166.914993 167.804001 3
242.854996 87.898003 4
48.236000 347.035004 1
182.641998 110.550003 4
171.281006 335.997986 7
351.627991 313.717010 8
620.010986 348.537994 9
639.809998 440.011993 2
172.167007 311.873993 7
298.785004 175.796005 3
119.174004 154.373993 3
94.904999 293.358002 1
132.585007 175.630997 3
43.805000 392.703003 1
138.557999 252.199005 1
124.455002 415.932007 1
551.982971 38.240002 0
526.581970 75.995003 5
605.489990 204.686005 2
103.896004 387.174988 1
361.600006 270.558990 1
351.886993 311.602997 8
594.481995 443.221985 2
46.208000 329.622986 1
283.707001 397.315002 0
544.632996 157.436996 6
344.562988 396.782990 1
630.267029 266.766998 2
118.639999 397.862000 1
304.095001 162.177002 3
125.342003 103.403000 4
441.080994 311.269012 1
124.427002 110.471001 4
314.700989 331.466003 8
64.904999 157.923996 3
552.012024 440.989014 2
652.973999 198.602005 2
657.885010 173.242004 2
143.184998 103.093002 4
55.188999 175.981995 3
178.561996 321.285004 7
67.625000 86.570999 4
171.828003 424.251007 1
98.380997 102.296997 4
365.498993 359.162994 8
429.846985 89.107002 5
151.731003 149.973007 3
234.507004 418.467987 1
167.173996 328.263000 7
601.442993 25.475000 0
172.742004 304.756012 7
23.495001 172.432007 3
170.526001 437.850006 1
305.731995 72.624001 4
97.647003 144.720001 3
243.990005 166.729004 3
307.888000 145.591003 3
152.572998 340.153015 7
476.785004 207.988007 6
679.549011 337.712006 9
185.274002 176.462006 3
616.911011 389.492004 2
540.388977 232.246002 6
383.716003 463.567993 0
36.299999 139.570999 3
175.931000 426.949005 1
216.692993 90.176003 4
427.515015 400.527008 1
509.992004 76.792000 5
514.914978 363.158997 2
315.501007 142.003006 3
555.914978 300.281006 2
173.589005 417.888000 1
392.914001 282.049988 1
280.498993 419.584991 1
180.843994 150.826004 3
142.070007 138.725998 3
198.014999 430.942993 1
583.117981 396.920990 2
658.372986 433.079987 2
562.333984 326.591003 2
267.980011 277.911011 1
357.675995 314.311005 8
194.132004 278.983002 1
595.393982 422.641998 2
532.630005 346.463013 2
498.635010 171.565002 5
316.089996 272.295013 1
141.203003 265.821991 1
189.811996 255.128006 1
118.644997 424.925995 1
456.417999 126.358002 0
349.612000 378.528015 8
75.967003 264.197998 0
646.734009 234.350006 2
113.815002 167.479996 3
196.263000 163.022995 3
406.110992 287.296997 1
429.270996 329.774994 1
237.209000 72.018997 4
521.848999 47.022999 0
16.055000 364.138000 1
299.645996 107.461998 4
307.321014 428.483002 1
534.041992 133.423004 6
553.463989 450.356995 2
664.711975 436.912994 2
468.746002 262.144989 0
142.781006 316.362000 7
232.737000 408.015015 1
434.557007 363.809998 1
329.821014 83.693001 4
316.613007 143.352997 3
434.446991 284.118011 1
18.683001 107.384003 4
288.701996 85.210999 4
394.042999 403.837006 1
63.549000 177.089996 3
583.830017 294.789001 2
215.386002 258.819000 1
524.270996 387.661987 2
291.996002 73.060997 4
581.416016 407.667999 2
610.765015 215.919006 2
642.192017 118.147003 2
601.601990 287.816986 2
296.661987 141.432007 3
218.815994 420.785004 1
326.575989 93.976997 4
515.768005 260.743988 6
94.880997 179.888000 3
423.152008 120.814003 5
28.955999 225.266998 0
487.871002 61.675999 5
644.705017 317.091003 9
62.985001 289.371002 1
562.703003 289.467987 2
125.156998 150.807999 3
367.709991 29.169001 0
267.976013 101.915001 4
394.281006 303.812988 1
648.854980 167.315002 2
556.325989 436.638000 2
432.362000 351.079987 1
94.182999 76.748001 4
53.063000 326.514008 1
331.054993 286.723999 1
144.710999 359.536987 7
267.635986 168.136002 3
57.573002 146.005997 3
331.044006 347.595001 8
175.723007 404.856995 1
281.535004 427.356995 1
621.982971 431.826996 2
343.360992 365.920990 8
648.906006 367.148010 9
221.850006 440.864014 1
570.293030 435.572998 2
323.429993 81.212997 4
134.188995 109.248001 4
336.566010 411.769989 1
52.955002 181.429001 3
449.833008 381.644989 1
377.639008 219.169998 0
270.628998 95.600998 4
272.075012 434.742004 1
110.556999 417.752014 1
422.929993 330.216003 0
657.296997 282.140015 0
240.787003 429.006989 1
162.854996 318.992004 7
52.423000 374.153015 1
570.276001 374.890015 2
84.908997 305.075989 1
117.875000 112.191002 4
662.921021 443.565002 2
139.509995 363.320007 7
277.078003 344.388000 0
621.903015 455.992004 2
183.048004 165.250000 3
253.410004 111.113998 4
54.181999 138.419998 3
193.371002 103.795998 4
400.790009 275.553009 1
283.868011 84.792999 4
217.602005 336.520996 0
43.430000 323.036987 1
387.062012 278.208008 1
139.113998 86.722000 4
106.488998 109.052002 4
12.362000 336.382996 1
236.270996 92.556000 4
585.973022 429.705994 2
581.364014 307.078003 2
259.269989 273.399994 1
290.190002 169.593994 3
582.679016 290.977997 2
285.062988 265.056000 1
316.972992 429.696014 1
623.906006 118.384003 2
539.544983 398.141998 2
92.503998 266.295990 1
602.698975 140.210007 0
347.733002 282.162994 1
376.976990 180.598999 0
259.783997 112.417999 4
45.921001 378.704987 1
533.844971 123.348999 6
190.839005 370.035004 7
515.489990 413.498993 2
243.220993 411.342987 1
627.927002 153.175003 2
32.206001 412.338989 0
271.140015 345.803009 0
431.532013 306.558990 1
641.539001 122.517998 2
293.917999 168.106995 3
447.205994 306.403992 1
90.015999 81.071999 4
345.987000 285.592010 1
448.467010 127.331001 5
313.351013 68.931000 4
565.776978 204.761002 6
217.404999 357.006012 0
623.794983 121.699997 2
476.044006 161.449005 5
295.942993 426.562012 1
194.828003 139.209000 3
632.304016 199.479004 2
152.072006 342.403992 7
104.577003 267.828003 1
250.070999 170.802994 3
200.218994 280.700012 1
281.487000 368.753998 0
64.080002 400.092987 1
142.977997 361.950012 7
563.976013 166.470001 6
270.097992 139.472000 3
331.807007 91.092003 4
113.750000 277.191986 1
157.432007 350.082001 7
477.131012 54.554001 5
459.139008 83.194000 5
192.916000 85.162003 4
158.701004 308.928986 7
31.163000 358.878998 1
400.473999 294.408997 1
332.950012 355.411987 8
322.102997 345.899994 8
32.691002 390.812988 1
559.031006 413.571014 2
368.694000 411.587006 1
659.021973 147.444000 2
237.654999 54.868000 0
643.841003 329.339996 9
326.446991 171.257004 3
248.384003 163.701996 3
644.093018 87.667999 2
515.617004 398.462006 2
149.485001 417.467010 1
210.703995 249.574997 1
652.583008 350.178986 9
328.342987 169.889999 3
108.507004 393.260986 1
120.723999 101.783997 4
71.837997 152.459000 3
554.604004 156.498001 6
672.056030 347.548004 9
584.927979 432.761993 2
605.297974 408.675995 2
648.939026 70.884003 2
405.282990 294.022003 1
447.096985 161.263000 5
309.718994 343.028015 8
441.622009 82.711998 5
142.417999 409.170013 1
534.237000 231.182007 6
524.963013 85.219002 5
234.210007 373.011993 0
262.565002 428.451996 1
246.712997 80.096001 4
669.789001 357.397003 9
247.942993 81.575996 4
200.197006 336.395996 7
657.380981 206.686005 2
614.950012 237.238007 2
691.463013 468.175995 0
96.799004 371.634003 0
178.037003 343.671997 7
656.723022 118.198997 2
455.690002 139.929993 5
193.837997 341.343994 7
313.350006 318.326996 8
308.950012 157.438004 3
237.854996 245.505005 1
609.059998 226.166000 2
318.791992 73.066002 4
518.364014 251.863998 6
527.367004 119.724998 6
607.942017 210.839996 2
321.496002 227.556000 0
388.453003 289.815002 1
602.301025 322.390991 0
607.945007 287.714996 2
110.655998 399.239014 1
631.138000 206.869003 2
321.790985 36.115002 0
251.272003 169.212006 3
602.184021 64.963997 0
461.815002 332.863007 1
43.245998 166.960999 3
666.039001 309.072998 9
552.828003 304.859009 2
152.654999 345.182007 7
293.233002 273.558990 1
258.174011 86.748001 4
677.427979 35.257999 0
490.302002 50.078999 5
494.989990 128.921005 6
446.239014 65.364998 5
156.628006 383.220001 7
327.481995 265.946014 1
191.003006 151.759995 3
335.855011 258.796997 1
143.516006 427.735992 1
206.710007 151.218002 3
133.654007 149.412003 3
298.973999 351.295990 8
248.197006 250.671005 1
563.984985 272.660004 2
331.010986 432.342010 1
591.909973 415.990997 2
646.997986 182.550003 2
325.540985 250.498001 1
289.436005 146.914993 3
468.156006 343.419006 1
540.469971 405.084991 2
132.332001 178.462006 3
205.574997 410.898010 1
156.903000 318.773987 7
153.451996 406.889008 1
476.080994 75.411003 5
281.635986 416.949005 1
657.926025 110.916000 2
166.141998 55.153000 0
576.315979 129.875000 0
21.778999 68.495003 4
206.246002 91.716003 4
305.998993 405.251007 1
255.348999 85.708000 4
263.394012 436.114014 1
617.489014 229.723999 2
144.613998 320.949005 7
606.455994 421.615997 2
319.662994 154.987000 3
626.247009 192.001007 2
31.363001 162.283997 3
597.168030 307.881012 2
536.580994 438.920990 2
219.169006 179.705994 3
54.469002 321.346008 1
578.570984 153.889008 6
543.851990 205.453003 6
132.526993 342.140015 7
619.945007 283.010010 2
190.533997 171.927994 3
484.996002 236.309006 6
478.614014 426.496002 0
146.358994 371.457001 7
163.843994 409.580994 1
508.734985 364.084991 2
61.426998 138.457001 3
520.101013 59.174999 5
262.497009 96.386002 4
562.181030 300.194000 2
533.562012 285.674011 2
394.190002 157.397003 0
175.522003 428.596985 1
478.200012 329.863007 1
166.087006 142.975006 3
601.927979 205.498001 2
185.037994 359.300995 7
286.990997 411.476990 1
509.686005 373.804993 2
637.663025 230.389008 2
368.539001 358.454010 8
555.484009 324.036987 2
542.010010 393.028992 2
657.807983 406.286011 2
187.175003 315.601990 7
180.488998 376.036987 7
649.367981 429.450012 2
665.239990 409.595001 2
12.757000 344.681000 1
47.035000 68.538002 4
621.093994 341.006012 9
140.328995 87.487000 4
378.747009 413.286011 1
136.182999 151.587997 3
386.683014 277.683014 1
489.523987 229.712006 6
591.320984 396.289001 2
251.427994 68.342003 4
613.106018 385.815002 2
169.104004 274.662994 1
234.113998 450.171997 0
204.255997 112.261002 4
648.148987 390.139008 2
185.735001 367.088013 7
211.098999 148.320007 3
354.069000 278.927002 1
319.566986 163.531006 3
574.353027 394.792999 2
461.817993 344.828003 1
40.033001 74.324997 4
489.750000 242.395996 6
639.578979 83.864998 2
281.101990 410.354004 1
246.274994 329.907013 0
238.276001 180.643005 3
518.258972 421.695007 2
595.338013 279.402008 2
304.472992 365.007996 8
319.983002 349.136993 8
496.424988 376.622986 0
499.330994 132.335999 6
133.720001 126.134003 0
60.473999 76.761002 4
609.039978 410.867004 2
571.739990 296.147003 2
300.653992 58.424000 0
323.592010 271.776001 1
96.545998 206.807999 0
578.476990 271.050995 2
302.174011 54.224998 0
624.942993 348.640991 9
414.816986 373.950012 1
194.391006 363.334991 7
532.918030 129.125000 6
319.125000 151.335999 3
188.112000 264.320007 1
229.712997 270.554993 1
95.772003 401.950012 1
88.959999 68.012001 4
345.476013 326.152008 8
151.360001 97.467003 4
562.505005 326.105988 2
66.209000 284.821014 1
142.276993 79.587997 4
497.269012 253.822006 6
533.872986 350.119995 2
629.309998 249.839996 2
19.871000 312.743988 1
694.370972 256.638000 0
671.606995 357.005005 9
157.149994 400.803986 1
531.567993 432.714996 2
27.045000 217.936005 0
310.583008 161.992996 3
229.815994 261.647003 1
436.960999 122.861000 5
586.070984 447.929993 2
674.914978 338.796997 9
505.014008 134.201004 6
644.060974 213.779007 2
213.130005 108.616997 4
602.268982 108.882004 0
550.916016 384.105988 2
457.910004 379.863007 1
372.231995 274.944000 1
615.414001 170.371002 2
409.308014 295.130005 1
545.807007 321.566986 2
121.157997 111.319000 4
538.119995 280.575012 2
517.668030 421.472992 2
591.883972 185.063995 0
325.169006 93.746002 4
549.789001 294.088989 2
595.234985 241.921005 2
298.971985 417.403015 1
593.057007 449.362000 2
101.137001 146.328003 3
633.471008 109.287003 2
642.005005 422.946014 2
382.256012 293.306000 1
440.114990 375.459991 1
605.952026 373.470001 0
449.195007 73.234001 5
531.869019 402.513000 2
658.903992 32.547001 0
176.248001 256.855988 1
138.356003 322.928009 7
644.442017 289.126007 0
99.405998 422.287994 1
361.984009 344.727997 8
191.046005 276.661987 1
96.667999 326.075989 0
424.941010 448.850006 0
152.207993 79.117996 4
197.429001 432.473999 1
529.239014 395.059998 2
456.302002 53.181000 5
349.700989 421.652008 1
195.332993 146.656998 3
552.630005 275.454010 2
396.282013 277.282990 1
612.218018 134.757996 2
486.738007 79.278999 5
145.992004 182.037994 3
251.714996 182.789001 3
178.033997 173.382004 3
388.291992 399.643005 1
657.999023 284.882996 0
212.867004 138.319000 3
89.296997 155.490997 3
194.832001 246.731995 1
560.556030 189.518997 6
598.192017 262.924988 2
39.132999 104.498001 4
658.909973 101.957001 2
415.118988 105.540001 0
95.379997 105.519997 4
39.166000 140.554993 3
381.458008 276.989014 1
516.846985 434.610992 2
313.000000 425.868988 1
29.788000 356.191986 1
74.010002 73.670998 4
650.184021 87.128998 2
641.343018 90.272003 2
618.103027 192.542007 2
62.737999 361.132996 1
315.369995 418.723999 1
544.505981 384.679993 2
162.959000 154.136993 3
201.485992 264.084991 1
484.712006 209.501007 6
129.386993 349.743011 7
286.006989 174.035995 3
631.333008 358.096985 9
330.506012 132.798996 0
227.167007 277.304993 1
568.702026 153.539993 6
329.492004 152.945007 3
514.426025 370.720001 2
361.181000 413.359985 1
169.867004 160.044998 3
363.502014 178.774994 0
667.841980 80.955002 0
638.721985 361.497009 9
24.471001 175.378006 3
621.702026 164.641006 2
661.356995 140.723999 2
613.530029 456.378998 2
400.290009 403.583008 1
572.341003 183.794998 6
31.559999 162.171997 3
200.897995 280.352997 1
376.708008 180.173004 0
402.002991 219.264008 0
150.809998 427.674988 1
204.496002 324.872986 0
18.375000 314.653015 1
219.149002 246.201996 1
307.505005 343.664001 8
543.677002 413.372986 2
459.391998 359.885986 1
447.783997 292.704010 1
617.640015 441.847992 2
75.458000 84.596001 4
306.108002 261.010986 1
32.112999 40.091000 0
53.382999 401.395996 1
507.541992 247.408005 6
104.574997 163.649994 3
185.158997 347.308990 7
297.998993 274.527008 1
167.425995 280.524994 1
58.441002 389.737000 1
319.237000 235.703995 0
513.051025 360.575989 2
492.165985 86.233002 5
235.511993 104.989998 4
53.074001 172.938004 3
625.072021 59.062000 0
402.479004 299.222992 1
523.797974 370.039001 2
533.044983 34.978001 0
460.388000 68.038002 5
463.335999 171.761993 5
530.525024 226.014008 6
532.578003 366.661987 2
443.575012 75.476997 5
461.130005 164.276001 5
627.388977 280.765991 2
185.128998 175.733994 3
465.002991 325.019012 1
220.960999 269.838989 1
480.859009 264.170990 0
561.414001 428.466003 2
551.669006 119.940002 6
199.826996 262.019012 1
506.057007 119.873001 6
647.203003 124.432999 2
549.354980 410.475006 2
497.494995 104.283997 0
479.701996 241.156006 6
642.750000 126.919998 2
540.549988 353.709991 2
350.243011 100.717003 0
166.942001 172.557999 3
302.575012 90.311996 4
278.109009 99.065002 4
523.025024 403.535004 2
450.654999 334.171997 1
251.526001 175.578995 3
99.485001 269.334015 1
434.373993 345.867004 1
246.084000 89.263000 4
39.049999 146.723007 3
210.348999 152.511993 3
329.705994 284.713013 1
533.007996 91.398003 5
233.675003 274.727997 1
478.345001 159.367996 5
246.255005 144.218002 3
480.951996 172.104004 5
601.030029 44.916000 0
291.523987 406.101990 1
284.769989 69.565002 4
625.851013 156.341003 2
524.604980 299.438995 2
622.120972 136.688004 2
566.073975 439.196991 2
200.522995 164.737000 3
675.424011 327.359985 9
690.556030 107.533997 0
512.570984 74.297997 5
174.500000 91.958000 4
445.382996 77.380997 5
300.080994 279.312012 1
226.697006 263.483002 1
538.379028 354.709991 2
351.467987 267.282990 1
171.919006 436.718994 1
481.597992 273.566986 0
458.635986 376.864014 1
506.747986 366.773010 2
182.587006 172.145004 3
601.570984 275.394012 2
125.758003 289.950989 1
319.511993 280.678009 1
588.429993 117.926003 0
22.216000 108.348999 4
570.687988 450.131989 2
568.559021 372.941010 2
424.841003 370.183014 1
271.809998 121.849998 0
493.102997 269.022003 0
492.485992 242.048004 6
294.638000 278.684998 1
650.434998 169.442993 2
391.274994 410.433014 1
536.273010 317.218994 2
559.656982 428.669006 2
97.792999 396.416992 1
618.919006 407.580994 2
284.846985 410.360992 1
617.726013 412.714996 2
592.919006 310.885986 2
568.653992 436.928009 2
374.117004 394.782013 1
436.416992 291.545990 1
184.054993 435.496002 1
575.552979 391.145996 2
598.382996 125.179001 0
604.556030 220.789993 2
195.121002 144.770996 3
177.382004 150.552994 3
276.692993 261.324005 1
377.960999 431.200989 1
236.330002 102.283997 4
319.502014 269.062012 1
56.858002 113.207001 4
641.354004 233.884003 2
147.813004 369.184998 7
22.368999 355.300995 1
104.289001 392.437012 1
101.432999 168.042007 3
505.328003 229.270004 6
604.711975 387.941986 2
188.360992 436.104004 1
563.752991 231.231995 6
272.390015 165.692993 3
455.019989 371.707001 1
557.804993 167.451004 6
436.104004 390.371002 1
421.601990 117.717003 5
586.578979 398.010010 2
365.326996 138.955994 0
55.143002 150.425995 3
562.669006 430.023987 2
585.747986 267.993011 2
554.517029 323.084991 2
36.153999 316.095001 1
81.365997 101.002998 4
363.704010 345.174011 8
456.649994 53.686001 5
36.352001 377.645996 1
316.450989 338.299011 8
136.729996 278.688995 1
634.716003 401.243988 2
629.786987 228.136002 2
210.662994 428.230988 1
181.996994 312.281006 7
377.420013 416.233002 1
142.813995 176.485001 3
61.395000 77.724998 4
73.407997 75.875999 4
550.515015 329.334991 2
74.066002 183.425003 3
159.285004 283.048004 1
664.078979 403.701996 2
521.580994 409.941010 2
95.682999 268.016998 1
90.711998 340.385010 0
545.758972 341.872009 2
470.867004 173.925995 5
203.584000 249.192993 1
624.306030 287.612000 2
218.559006 104.767998 4
211.481003 414.492004 1
107.758003 410.612000 1
432.819000 229.009995 0
638.116028 364.045990 9
23.504000 88.291000 4
524.536987 351.770996 2
96.347000 289.894989 1
446.779999 353.006012 1
434.127014 313.481995 1
314.425995 169.125000 3
376.750000 166.225998 0
31.521000 200.617996 0
304.768005 350.265015 8
639.309998 112.692001 2
304.010010 327.502014 8
113.077003 262.595001 1
185.608994 423.916992 1
474.610992 229.057999 6
647.482971 84.776001 2
438.791992 383.291992 1
677.263000 432.234985 2
458.148987 360.615997 1
181.481995 83.209999 4
152.694000 262.529999 1
682.478027 331.858002 9
480.609985 212.460999 6
450.647003 390.029999 1
239.572006 146.800995 3
643.041992 102.249001 2
578.007019 77.838997 0
590.237000 253.125000 2
207.287994 98.467003 4
440.213013 119.334000 5
607.336975 414.319000 2
629.302002 435.786987 2
282.700989 155.485001 3
599.229980 430.378998 2
461.601990 54.766998 5
353.911987 275.416992 1
312.518005 319.893005 8
273.326996 93.358002 4
134.658997 399.880005 1
115.787003 145.837006 3
57.247002 152.283005 3
575.799988 145.080994 6
180.085999 171.311996 3
94.959000 283.584991 1
293.566010 436.722992 1
148.744003 138.274002 3
226.113998 110.825996 4
146.960999 293.394012 1
330.341003 152.563995 3
672.754028 443.584991 2
102.151001 82.233002 4
368.075012 282.704987 1
233.535995 248.529999 1
391.532013 276.917999 1
584.533997 420.817993 2
101.692001 280.096985 1
670.755005 336.851013 9
134.177002 332.105988 7
609.564026 277.598999 2
61.126999 99.230003 4
509.195007 357.334991 2
144.953995 312.145996 7
603.367981 297.967010 2
158.270004 175.847000 3
625.117981 221.085999 2
529.197021 303.333008 2
303.072998 183.014999 3
530.979004 357.847992 2
272.645996 246.619003 1
617.098022 139.391998 2
272.274994 445.757996 1
530.552979 359.404999 2
509.144989 359.674988 2
333.539001 311.890015 8
663.325012 361.885986 9
306.470001 153.404999 3
89.978996 400.058990 1
517.818970 439.963989 2
538.867004 362.552002 2
437.000000 112.594002 5
288.526001 365.226013 0
649.841980 150.822998 2
134.442993 361.954987 7
144.093994 265.158997 1
19.142000 155.809006 3
108.601997 178.091003 3
257.712006 275.192993 1
308.795013 379.596008 0
60.819000 175.932007 3
92.347000 78.250000 4
644.620972 138.514008 2
559.382996 457.334015 2
415.653992 449.171997 0
659.531982 52.803001 0
527.677002 292.453003 2
429.476013 147.654999 5
196.623993 411.950989 1
467.812988 64.478996 5
44.811001 100.005997 4
218.492996 361.115997 0
58.390999 314.438995 1
598.770020 393.444000 2
174.798996 349.813995 7
143.313004 91.352997 4
219.119995 70.973999 4
321.653992 366.675995 8
317.931000 431.571991 1
655.927979 331.411011 9
551.978027 351.028015 2
616.395996 170.893997 2
210.645004 177.815002 3
647.612976 438.470001 2
217.300003 79.627998 4
162.263000 173.591003 3
438.454987 354.697998 1
61.778999 463.307007 0
629.203003 150.423004 2
511.983002 55.362000 5
600.080017 449.062988 2
485.690002 226.432999 6
512.958008 254.414993 6
189.677994 173.882996 3
237.356995 179.362000 3
421.010010 321.433014 1
529.445007 413.138000 2
549.127991 194.162003 6
205.572998 282.157990 1
344.933014 431.300995 1
536.437012 306.856995 2
39.297001 317.420990 1
634.322998 151.751999 2
510.652008 238.151001 6
200.511002 427.954987 1
267.519012 99.886002 4
101.710999 97.878998 4
592.572998 273.239990 2
230.274002 79.725998 4
29.363001 386.997009 1
152.654007 164.384995 3
285.446014 411.997986 1
33.797001 82.436996 4
207.339005 174.492004 3
279.985992 343.441986 0
531.473999 410.911011 2
322.989990 162.050995 3
106.176003 292.455994 1
22.172001 150.048996 3
343.402008 339.058990 8
646.872986 70.219002 2
89.415001 172.216003 3
89.239998 407.148987 1
627.242004 417.675995 2
534.354004 398.824005 2
538.442017 120.652000 6
546.150024 202.697006 6
443.276001 371.420990 1
177.699005 430.005005 1
513.216980 422.625000 2
475.796997 229.371002 6
420.173004 391.178986 1
105.209999 286.343994 1
72.566002 312.246002 1
280.244995 171.561996 3
656.888977 409.614990 2
486.966003 158.690002 5
612.122986 163.035004 2
54.640999 332.811005 1
632.044006 453.373993 2
21.496000 338.601990 1
497.191010 364.911011 0
578.346985 317.576996 2
267.886993 403.794006 1
322.484985 334.128998 8
246.768005 374.540009 0
432.449005 300.592987 1
171.764008 274.783997 1
227.417999 272.365997 1
469.419006 144.455002 5
190.483002 68.481003 4
190.960999 159.151993 3
601.107971 259.903992 2
65.945000 147.492996 3
126.801003 68.227997 4
622.679016 320.842987 9
150.459000 237.565994 0
624.875000 168.281006 2
313.959991 112.055000 4
167.317001 381.061005 7
165.244995 270.143005 1
271.257996 439.437012 1
506.601990 239.498001 6
189.235001 144.589005 3
421.075989 321.447998 1
600.010986 401.367004 2
423.657990 124.759003 5
149.893005 98.410004 4
377.045990 419.454987 1
644.573975 109.598999 2
491.985992 58.563000 5
524.934998 138.143997 6
641.559998 181.520996 2
660.000000 447.613007 2
401.451996 274.738007 1
499.066986 213.026993 6
621.507996 195.897995 2
156.285995 406.252991 1
96.175003 266.890991 1
565.622009 159.177002 6
193.505997 259.307007 1
99.605003 288.782990 1
632.745972 230.399002 2
653.367004 364.167999 9
439.059998 107.824997 5
277.894012 160.225998 3
416.987000 314.997009 1
36.257000 183.697998 3
539.567017 325.635010 2
176.309998 366.005005 7
609.088989 438.151001 2
190.272995 413.898987 1
263.031006 113.742996 4
113.911003 111.182999 4
582.620972 456.449005 2
74.195999 299.515991 1
436.882996 310.057007 1
431.130005 350.640991 1
514.408020 135.016006 6
53.112999 373.630005 1
189.223007 254.369995 1
532.994019 409.717987 2
201.408997 376.819000 0
142.552994 94.007004 4
38.695999 175.223999 3
104.011002 163.535995 3
474.355011 157.682007 5
307.329010 340.701996 8
371.207001 288.032990 1
216.863007 326.907990 0
644.109009 433.743011 2
496.131989 109.075996 0
179.149994 366.720001 7
157.268005 432.454987 1
294.454010 182.173004 3
337.463989 183.649002 0
646.005981 101.859001 2
16.775000 372.739990 1
559.711975 433.694000 2
377.760010 211.919998 0
658.150024 429.131012 2
496.803986 109.220001 0
173.921005 152.347000 3
152.207001 251.880005 1
129.106995 332.022003 7
444.980011 315.303009 1
551.038025 280.460999 2
601.671021 193.166000 2
570.021973 209.903000 6
235.520004 431.807007 1
631.229004 234.764008 2
273.308014 247.171997 1
287.307007 428.207001 1
141.084000 270.833008 1
326.846008 358.511993 8
455.977997 58.640999 5
165.061996 426.947998 1
642.716003 431.826996 2
420.049988 394.812012 1
318.234985 375.199005 8
225.679001 435.410004 1
247.585999 174.610992 3
55.528999 164.776001 3
657.817017 408.070007 2
440.442993 344.217987 1
196.522995 458.053009 0
572.385010 315.253998 2
78.592003 283.834015 1
17.871000 145.610001 3
216.149994 406.873993 1
351.191010 432.019012 1
109.572998 80.041000 4
623.059998 211.031998 2
620.533997 164.018997 2
361.147003 315.114990 8
643.395996 190.802002 2
504.209015 54.490002 5
126.732002 142.033997 3
431.338989 149.404999 5
444.592987 102.185997 5
557.893982 445.196991 2
17.962000 100.805000 4
204.811005 70.483002 4
659.973022 99.188004 2
202.992004 263.397003 1
145.660995 359.162994 7
584.405029 294.011993 2
625.083984 237.617004 2
166.919998 377.000000 7
129.503998 310.580994 0
252.169006 433.153992 1
618.814026 436.923004 2
186.337997 161.104996 3
376.867004 373.895996 0
625.507996 125.495003 2
316.462006 69.966003 4
430.459991 81.728996 5
575.307983 318.031006 2
340.786987 336.075989 8
472.390015 336.523010 1
435.825012 347.080994 1
434.352997 152.582993 5
213.764999 259.415985 1
518.351990 367.154999 2
246.203995 342.071014 0
227.535004 429.308014 1
455.079010 373.091003 1
494.458008 182.783997 5
175.093994 321.902008 7
150.636993 170.257996 3
422.704010 158.604004 0
504.325989 403.652008 2
247.565994 113.370003 4
157.108994 280.688995 1
304.048004 262.135986 1
631.932983 438.183990 2
33.276001 112.225998 4
444.165985 70.667999 5
182.507004 170.447998 3
125.306999 84.468002 4
554.286011 340.233002 2
385.320007 272.600006 1
277.082001 202.886993 0
588.979004 403.192993 2
196.593994 262.360992 1
256.009003 331.912994 0
612.987976 457.756012 2
406.764008 283.246002 1
465.009003 343.713989 1
2.410000 377.574005 0
171.828995 319.959015 7
660.976013 304.225006 9
526.976990 329.825012 2
298.618988 407.398987 1
514.002991 404.714996 2
327.691986 412.192993 1
26.028999 89.203003 4
293.778992 86.940002 4
647.976990 452.761993 2
608.263977 225.201004 2
567.557007 387.475006 2
219.134995 139.880997 3
158.901001 59.012001 0
673.155029 149.084000 0
504.803009 68.302002 5
550.237976 339.526001 2
69.792000 337.308990 0
121.611000 107.461998 4
485.406006 193.973007 0
326.360992 141.649002 3
551.340027 161.382004 6
126.790001 95.305000 4
17.382000 353.191010 1
329.109985 266.759003 1
180.153000 370.735992 7
144.585999 430.490997 1
544.523010 203.246994 6
440.871002 141.203995 5
452.279999 342.299011 1
22.046000 180.826004 3
643.888000 90.060997 2
445.898987 387.604004 1
100.859001 81.947998 4
518.125977 225.815994 6
28.263000 140.768005 3
152.225998 412.855011 1
343.589996 408.743988 1
224.042999 410.158997 1
634.875977 203.972000 2
148.332001 176.608994 3
46.271999 172.561005 3
474.079010 44.257000 5
274.407990 158.304993 3
598.297974 430.209015 2
67.959999 141.335007 3
465.596985 320.252014 1
570.505005 370.274994 2
664.822021 331.365997 9
73.792000 175.983994 3
68.213997 129.227997 0
156.768997 291.709015 1
301.688995 369.735992 8
489.729004 79.014999 5
549.661987 291.402008 2
321.015991 273.536011 1
418.134003 384.903015 1
476.721008 170.638000 5
184.212006 340.279999 7
650.245972 316.786987 9
212.873993 260.174988 1
162.438995 330.402008 7
640.476990 370.299988 9
650.359985 418.247986 2
528.981018 76.674004 5
497.929993 446.291992 0
171.044006 91.052002 4
115.019997 399.690002 1
537.510986 291.812012 2
552.760986 369.179993 2
209.395004 165.750000 3
96.503998 55.868000 0
98.080002 284.247009 1
573.763977 161.151993 6
640.116028 402.528015 2
88.824997 394.018005 1
544.049011 131.794998 6
628.820007 397.226013 2
214.074005 96.107002 4
32.252998 37.026001 0
78.412003 402.464996 1
465.738007 238.470993 0
99.785004 389.971985 1
283.175995 81.482002 4
297.786011 84.865997 4
72.552002 377.097992 1
200.238998 430.824005 1
602.284973 373.450012 0
453.705994 295.165009 1
618.638977 143.960999 2
420.761993 375.908997 1
39.921001 98.830002 4
496.901001 269.003998 0
261.648987 266.026001 1
178.281998 80.975998 4
285.570007 89.351997 4
91.282997 295.789001 1
152.039001 347.884003 7
277.799988 440.621002 1
554.992004 278.709015 2
77.370003 81.325996 4
67.385002 105.926003 4
534.062988 128.414993 6
637.713989 122.606003 2
48.467999 350.907013 1
32.613998 451.023010 0
269.481995 97.087997 4
575.710999 380.390991 2
463.113007 360.710999 1
618.088013 185.987000 2
425.135010 286.065002 1
137.806000 240.352997 0
405.572998 376.063995 1
639.690979 190.126999 2
661.875977 419.873993 2
526.010986 433.833008 2
450.316986 340.841003 1
343.371002 365.183990 8
78.930000 278.739014 1
174.503998 369.963013 7
275.826996 78.231003 4
22.124001 119.550003 0
401.123993 424.410004 0
681.578979 410.697998 2
674.844971 91.435997 0
194.429993 168.703995 3
55.244999 77.925003 4
287.368988 264.501007 1
408.988007 303.924988 1
478.867004 338.561005 1
463.596985 372.888000 1
634.411011 407.260010 2
657.124023 450.480988 2
523.439026 153.220993 0
599.434998 165.091003 0
655.831970 315.993988 9
178.860001 324.683990 7
142.128998 419.989014 1
639.958984 335.242004 9
77.500000 130.033005 0
12.129000 333.329987 1
647.346008 441.747009 2
329.298004 307.032990 8
380.704010 397.839996 1
596.078979 418.364014 2
549.745972 354.812988 2
173.546005 106.061996 4
301.753998 350.545013 8
372.834015 273.842010 1
438.476990 389.644012 1
523.856995 353.441010 2
564.403015 201.737000 6
139.781998 415.114990 1
6.321000 385.885010 0
657.663025 377.062012 0
337.385986 421.003998 1
33.584999 183.373001 3
188.057007 323.825012 7
654.739990 398.178009 2
432.608002 373.871002 1
639.364014 352.341003 9
31.254999 335.268005 1
619.517029 440.714996 2
138.682007 373.622986 7
211.440994 157.205994 3
547.476990 375.446014 2
480.505005 59.467999 5
190.436996 419.769012 1
130.682007 281.234985 1
281.838989 280.781006 1
75.356003 104.830002 4
283.933014 258.990997 1
585.010010 391.247986 2
421.701996 306.446991 1
519.484985 66.083000 5
313.992004 416.096985 1
399.451996 393.855011 1
467.237000 163.014999 5
37.202000 142.505005 3
660.013977 348.753998 9
680.978027 324.669006 9
672.268005 412.803986 2
480.842987 46.226002 5
524.307983 332.345001 2
528.101013 140.671997 6
683.671997 330.533997 9
30.316999 148.990005 3
428.045013 396.207001 1
193.854004 178.335007 3
97.842003 418.157013 1
162.485992 157.082993 3
383.278992 417.635986 1
78.887001 264.888000 0
420.737000 134.843994 5
75.767998 386.665985 1
161.709000 435.475006 1
136.332993 340.328003 7
415.816986 411.583008 1
660.523010 309.613007 9
602.072998 445.596985 2
257.113007 113.892998 4
437.010986 339.962006 1
38.448002 170.182999 3
338.729004 363.250000 8
587.072998 268.863007 2
503.098999 423.039001 2
304.199005 140.746002 3
599.632019 302.325989 2
97.952003 425.346985 1
630.515015 81.439003 2
217.376007 213.645004 0
190.028000 178.630005 3
249.069000 390.126007 0
431.753998 378.545013 1
561.544006 418.963013 2
549.898010 182.936005 6
199.886993 171.886993 3
385.158997 396.817993 1
69.344002 403.834015 1
18.066999 173.054993 3
483.980011 70.809998 5
652.028015 432.653992 2
54.848999 68.081001 4
632.419006 409.502014 2
478.958008 208.882996 6
609.737976 408.906006 2
135.363998 267.480988 1
584.383972 436.674988 2
287.028015 464.250000 0
644.002991 320.565002 9
364.122986 279.661987 1
545.669983 212.796997 6
214.959000 106.998001 4
450.528992 79.528999 5
96.009003 206.451996 0
474.061005 83.219002 5
532.814026 296.114014 2
352.346008 285.391998 1
173.973999 90.213997 4
239.332001 366.838989 0
97.875999 348.442993 0
448.946014 86.544998 5
373.798004 54.314999 0
181.522003 403.595001 1
98.716003 101.833000 4
62.376999 401.372986 1
220.031006 154.126007 3
252.929993 154.283997 3
168.059006 366.303986 7
596.153992 398.957001 2
378.166992 264.315002 1
90.796997 170.606995 3
259.984009 346.223999 0
558.093018 375.101013 2
206.626007 86.063004 4
546.794006 435.924988 2
643.434998 254.826004 2
226.626007 85.419998 4
156.106003 434.286987 1
335.755005 413.578003 1
517.546997 227.272995 6
542.374023 376.597992 2
534.473999 347.549988 2
666.392029 341.243988 9
146.466003 163.457001 3
148.179993 71.510002 4
512.801025 344.868988 2
656.380981 296.559998 0
127.306000 99.195000 4
50.987000 92.807999 4
600.776001 446.968994 2
588.729980 456.175995 2
45.317001 181.056000 3
122.509003 112.303001 4
128.238007 429.040985 1
318.679993 408.540009 1
377.822998 211.261993 0
61.523998 180.063004 3
430.585999 307.040985 1
661.844971 445.446014 2
252.994995 175.932999 3
234.203995 155.367996 3
493.985992 452.359009 0
69.474998 172.229996 3
217.862000 298.006012 0
176.962997 173.671005 3
638.822021 119.963997 2
548.271973 289.223999 2
326.660004 149.264008 3
609.044983 437.502991 2
340.951996 273.425995 1
197.029007 342.743011 7
72.014999 384.273010 1
336.078003 350.881989 8
93.188004 227.921997 0
521.456970 408.625000 2
612.513000 143.199005 2
552.078979 205.231995 6
137.886002 177.716003 3
357.638000 277.813995 1
553.658997 209.158997 6
637.781006 407.209991 2
122.848999 110.625999 4
230.856003 161.822998 3
474.423004 55.891998 5
505.773010 355.873993 2
206.121994 406.768005 1
473.169006 349.682007 1
584.976990 380.704987 2
188.393005 246.806000 1
274.200989 89.620003 4
516.164001 430.083008 2
160.938004 259.303009 1
268.550995 269.596985 1
59.410000 280.906006 1
435.647003 119.950996 5
92.975998 405.223999 1
322.562988 439.101013 1
236.414993 427.730988 1
362.565002 391.812012 1
271.243988 245.059006 1
571.971008 451.751007 2
601.033020 200.945007 2
386.292999 346.330994 0
377.704010 366.003998 0
547.260986 423.722992 2
594.825012 305.221985 2
431.256989 413.770996 0
168.940994 165.505997 3
125.968002 318.029999 7
420.897003 127.656998 5
235.865005 409.770996 1
113.228996 388.545990 1
188.462997 249.244995 1
437.983002 392.455994 1
190.529007 413.783997 1
278.481995 147.078003 3
649.059998 442.005005 2
195.223007 259.303009 1
271.466003 429.928009 1
377.683990 114.254997 0
627.323975 341.602997 9
43.203999 355.894989 1
427.845001 139.380997 5
95.789001 414.042999 1
143.671997 69.642998 4
476.737000 84.148003 5
97.632004 246.050003 0
622.088989 187.990997 2
140.490005 356.606995 7
452.007996 336.579010 1
41.632999 300.472992 1
64.778999 180.356995 3
272.937012 434.785004 1
43.673000 322.582001 1
517.007019 335.295990 2
537.471985 433.381012 2
657.676025 110.794998 2
366.420990 98.837997 0
508.217987 438.065002 2
149.332001 322.096008 7
355.604004 270.209015 1
637.833008 188.871002 2
316.020996 354.829987 8
518.744019 226.106995 6
639.364990 163.731003 2
195.296005 68.958000 4
551.226990 277.834991 2
329.187988 151.977005 3
170.447998 108.494003 4
549.994995 287.118011 2
35.132000 310.651001 1
20.368000 351.575989 1
661.635986 320.209015 9
12.220000 360.093994 1
614.294006 282.838013 2
308.085999 183.291000 3
560.052979 447.272003 2
372.721985 457.114014 0
537.456970 231.800995 6
177.292007 278.062988 1
540.385010 373.821991 2
241.580994 106.008003 4
566.065002 308.455994 2
381.665009 272.731995 1
376.350006 67.432999 0
241.197006 413.709991 1
71.383003 88.960999 4
306.364990 354.675995 8
194.550003 429.533997 1
245.656998 148.563004 3
658.809998 318.148987 9
592.630981 252.865005 2
127.008003 104.614998 4
594.385010 283.402008 2
466.571991 68.819000 5
551.010986 149.554993 6
547.947021 218.987000 6
106.010002 263.130005 1
172.992996 95.744003 4
133.636993 68.781998 4
511.197998 229.151001 6
636.046021 181.612000 2
290.859985 87.389999 4
435.048004 385.942993 1
24.943001 175.089996 3
186.076996 429.118011 1
185.253006 365.733002 7
506.868988 391.468994 2
439.554993 303.691010 1
45.208000 312.437988 1
201.688995 92.804001 4
574.786987 305.203003 2
150.738998 91.306999 4
490.549988 175.205994 5
157.951996 292.015015 0
257.549011 146.929001 3
56.508999 299.838013 1
508.166992 224.352005 6
342.299988 368.290009 8
175.238007 165.229996 3
309.700989 432.848999 1
537.835999 243.776993 6
560.984985 223.134003 6
81.128998 176.791000 3
518.780029 385.751007 2
602.330017 339.190002 0
476.865997 358.237000 1
0.797000 290.009003 0
302.345001 95.038002 4
339.209991 414.351013 1
14.513000 205.214005 0
189.214005 265.554993 1
628.989990 145.240997 2
312.170990 345.928009 8
98.998001 275.214996 1
108.059998 52.494999 0
22.648001 301.845001 1
528.668030 302.446014 2
431.661987 427.160004 0
58.693001 307.798004 1
279.221985 113.841003 4
630.932983 261.074005 2
94.499001 138.341003 3
371.092987 267.704987 1
569.252991 162.940002 6
197.720001 259.916992 1
233.173004 256.487000 1
253.947998 76.347000 4
153.421005 271.101990 1
650.822021 343.014008 9
328.328003 161.378998 3
455.416992 72.168999 5
86.361000 280.828003 1
531.450012 350.792999 2
289.587006 412.296997 1
604.859985 406.095001 2
191.882996 408.816010 1
49.992001 151.781006 3
67.755997 390.924988 1
96.556999 421.710999 1
136.664993 372.196014 7
48.952999 71.910004 4
664.648010 418.040009 2
287.144012 96.098999 4
32.493999 428.151001 0
50.612999 75.772003 4
263.088013 77.570999 4
560.132019 444.700012 2
606.484985 232.128006 2
392.273987 213.949005 0
632.700012 368.713989 9
639.007996 405.092010 2
85.765999 297.920013 1
255.078003 89.926003 4
630.903015 435.946014 2
67.007004 146.813004 3
550.455994 209.048996 6
514.380005 372.153992 2
619.057007 119.182999 2
643.028015 447.592987 2
106.233002 171.580002 3
159.167007 361.296997 7
404.343994 279.157990 1
684.632996 341.385986 9
614.354980 447.963013 2
666.450012 430.233002 2
670.309021 337.859009 9
601.799011 375.161987 0
505.591003 349.721985 2
343.934998 405.110992 1
678.708008 185.962997 0
594.780029 390.005005 2
613.125000 211.585007 2
555.070984 427.039001 2
105.408997 269.895996 1
314.272003 140.304001 3
582.288025 412.785004 2
598.911987 392.605011 2
625.158020 242.820007 2
165.447006 265.773010 1
348.212006 280.945007 1
572.890991 384.625000 2
131.309006 264.388000 1
242.358994 270.545013 1
335.062988 382.532990 8
394.826996 273.864014 1
538.380981 91.417999 5
122.970001 405.977997 1
528.114990 389.885010 2
135.473999 419.690002 1
31.013000 41.915001 0
272.613007 162.970993 3
629.085022 114.788002 2
96.920998 118.603996 0
44.408001 112.495003 4
555.237000 440.893005 2
115.811996 144.953003 3
617.814026 203.638000 2
562.080017 456.395996 2
392.109985 270.972992 1
309.294006 175.643997 3
269.569000 264.229004 1
152.194000 153.153000 3
531.388977 439.308014 2
269.677002 163.544006 3
142.608994 141.669006 3
200.035995 56.749001 0
650.554016 171.912003 2
390.549988 362.040985 0
650.411011 144.175995 2
277.316986 150.914001 3
632.565979 261.731995 2
537.590027 410.962006 2
217.973007 170.294998 3
549.375000 185.619995 6
264.328003 225.128998 0
215.082993 161.737000 3
118.478996 417.095001 1
283.388000 162.834000 3
129.466003 424.130005 1
180.998993 93.371002 4
36.432999 105.086998 4
550.296021 339.131012 2
140.639999 83.611000 4
626.778015 434.136993 2
362.334991 265.582001 1
123.566002 177.223999 3
63.973000 147.393005 3
603.031982 444.463013 2
557.072998 409.470001 2
505.502991 162.449997 5
165.501007 83.220001 4
384.839996 401.565002 1
221.869003 437.250000 1
199.865005 250.171997 1
216.919006 415.071991 1
461.721008 336.355988 1
519.440002 386.294006 2
47.905998 383.667999 1
264.408997 436.614990 1
195.240005 281.417999 1
33.728001 368.544006 1
465.385986 211.468002 6
22.669001 177.733002 3
92.953003 410.932007 1
205.884003 409.194000 1
428.778015 131.460999 5
258.735992 439.333008 1
167.617004 356.148010 7
283.699005 423.558014 1
188.888000 154.947006 3
251.895996 265.213013 1
358.166992 332.937012 8
330.539001 164.632004 3
448.907013 319.648010 1
153.550995 341.677002 7
643.599976 328.541992 9
66.915001 385.652008 1
646.700012 346.681000 9
633.982971 81.757004 2
180.535995 283.627991 1
334.864990 250.220001 1
528.900024 290.941986 2
116.218002 100.384003 4
300.303009 404.821991 1
86.622002 291.799011 1
530.661011 287.247009 2
619.971008 343.839996 9
592.083984 314.373993 2
377.684998 440.209015 0
644.546997 281.113007 0
90.352997 69.805000 4
389.864014 468.006989 0
66.523003 283.799011 1
394.170013 407.627991 1
558.663025 445.260010 2
475.062988 162.050995 5
191.393005 85.873001 4
388.290009 402.187012 1
317.760010 93.047997 4
424.786011 372.450989 1
637.080994 323.618988 9
584.646973 398.752014 2
571.715027 318.842010 2
231.839005 100.122002 4
480.471008 223.324997 6
644.033997 172.009995 2
357.130005 289.445007 1
149.632004 433.106995 1
516.536987 90.714996 5
293.489990 423.026001 1
173.949997 155.643005 3
479.295990 231.044006 6
550.112000 446.285004 2
453.350006 295.523010 1
483.291992 266.612000 0
153.479996 147.899002 3
553.231018 157.643997 6
271.826996 292.515015 0
25.722000 315.903015 1
534.593994 252.169006 6
399.490997 410.572998 1
193.641006 326.221985 7
156.317993 198.759003 0
200.888000 168.630005 3
310.282990 285.938995 1
530.679016 334.881012 2
184.108994 355.875000 7
297.329010 425.653992 1
472.604004 41.751999 5
495.830994 242.585999 6
507.938995 356.424011 2
496.501007 44.894001 5
433.531006 306.699005 1
440.165985 372.897003 1
198.723999 260.654999 1
270.289001 141.447006 3
271.454987 146.072006 3
622.028992 420.097992 2
172.022003 255.744003 1
179.837997 429.545013 1
282.744995 246.628006 1
427.044006 360.681000 1
128.557999 236.744995 0
515.577026 126.163002 6
394.954010 285.903015 1
593.945007 403.795013 2
552.228027 161.539001 6
305.407990 95.636002 4
527.898987 70.889999 5
566.851013 75.995003 0
468.518005 348.799988 1
299.714996 265.444000 1
407.588013 303.312988 1
544.520996 296.687012 2
518.294006 416.867004 2
534.607971 455.959015 2
195.546997 418.281006 1
120.634003 398.345001 1
530.752991 218.317001 6
349.632996 380.860992 8
522.929993 66.308998 5
462.368988 172.690994 5
316.302002 405.178009 1
158.042007 430.114990 1
377.639008 87.657997 0
47.979000 378.066010 1
199.867004 175.156998 3
646.812988 175.011993 2
154.419006 434.045013 1
622.494995 281.605011 2
635.234009 81.065002 2
170.007004 265.446014 1
340.674011 341.091003 8
146.376007 170.468002 3
354.015015 292.903015 1
594.187012 410.605011 2
665.568970 368.967987 9
351.972992 369.454010 8
297.171997 334.807007 8
273.058014 148.003998 3
657.875977 387.354004 0
338.623993 306.105988 8
270.532013 90.991997 4
216.061996 46.450001 0
64.601997 280.959991 1
186.514008 352.920013 7
634.513977 130.263000 2
312.260010 95.867996 4
531.073975 370.192993 2
382.307007 170.710999 0
207.830002 431.092987 1
216.417007 186.447998 0
236.570007 110.803001 4
198.462997 430.006012 1
217.658997 194.005997 0
201.007004 165.296005 3
493.283997 129.613007 6
420.157013 119.102997 5
334.649994 314.878998 8
109.144997 79.592003 4
324.945007 263.533997 1
563.614990 281.109985 2
23.927000 80.503998 4
41.348000 84.674004 4
318.066010 180.207993 3
675.768982 424.197998 2
367.852997 324.381012 8
199.722000 149.606995 3
340.726990 259.147003 1
611.726990 264.127014 2
266.756012 265.385986 1
393.953003 278.786987 1
456.119995 52.193001 5
142.494003 336.649994 7
25.507000 317.884003 1
376.088989 221.024994 0
70.363998 287.096008 1
259.747009 102.946999 4
653.176025 357.388000 9
447.114990 62.043999 5
526.731018 407.218994 2
20.530001 367.006989 1
378.984009 422.003998 1
506.287994 123.926003 6
567.278015 400.157013 2
514.931030 364.027008 2
485.664001 238.227997 6
647.788025 176.750000 2
82.641998 171.220001 3
662.650024 136.899002 2
426.403992 433.777008 0
601.801025 126.418999 0
657.466003 247.026001 0
633.666016 80.950996 2
323.036011 142.048996 3
639.215027 205.487000 2
325.105011 419.289001 1
309.972992 346.363007 8
235.673996 404.308014 1
376.339996 169.033005 0
144.578003 173.684006 3
576.900024 143.794998 6
295.835999 161.686005 3
349.131989 351.454987 8
102.727997 102.350998 4
82.473999 356.868988 0
538.109009 282.558990 2
603.992004 287.037994 2
471.170013 82.280998 5
123.489998 286.032990 1
377.850006 62.473999 0
185.746002 425.981995 1
102.287003 272.696991 1
41.956001 337.028015 1
417.595001 391.778992 1
631.995972 136.755997 2
40.666000 82.996002 4
634.093018 356.373993 9
233.292007 69.528999 4
193.054993 436.953003 1
390.872986 271.550995 1
637.992004 112.942001 2
301.106995 157.942001 3
262.510010 419.786987 1
138.570999 371.407013 7
538.156982 452.417999 2
87.171997 284.134003 1
433.127014 295.726990 1
433.498993 379.803009 1
129.035004 75.443001 4
277.158997 343.596008 0
374.722992 264.427002 1
176.317993 437.131012 1
562.491028 382.644012 2
16.167999 326.972992 1
109.014000 297.536011 1
216.281006 403.738007 1
82.632004 90.992996 4
301.912994 76.552002 4
92.804001 89.609001 4
80.282997 398.898987 1
235.477997 252.983002 1
643.346985 220.852005 2
687.638000 37.587002 0
173.998993 311.140991 7
208.936005 263.774994 1
618.437012 212.160004 2
621.703003 429.247009 2
344.984009 275.084015 1
666.994019 441.585999 2
533.479004 362.868011 2
623.744995 407.651001 2
56.188999 237.410995 0
299.157990 162.311996 3
548.348022 415.316986 2
532.624023 379.960999 2
410.057007 394.985992 1
96.372002 317.813995 0
553.978027 228.865005 6
602.809021 449.429993 2
243.800003 433.553986 1
89.799004 98.260002 4
650.276978 334.432007 9
636.395020 247.899994 2
599.737000 221.639999 2
551.783997 218.035995 6
387.720001 392.743011 1
609.195984 419.362000 2
640.484009 309.592010 9
144.324005 274.261993 1
639.966980 162.975006 2
168.000000 364.684998 7
147.425003 160.792999 3
139.994995 93.570000 4
146.186005 269.023987 1
260.579010 232.063995 0
540.728027 154.218002 6
624.851013 318.255005 9
524.593018 254.964996 6
137.645996 166.944000 3
309.388000 254.324997 1
31.240999 134.188995 0
616.289001 102.477997 2
22.438000 77.945999 4
284.328003 290.868988 0
257.148010 421.337006 1
217.098999 265.993988 1
296.197998 164.182007 3
638.343994 242.192993 2
630.689026 145.695999 2
56.592999 259.653992 0
196.391998 278.010010 1
513.460022 413.997986 2
387.665009 401.221008 1
556.283020 393.041992 2
580.528992 152.580002 6
284.223999 270.970001 1
52.622002 181.916000 3
611.106995 413.712006 2
542.947998 395.464996 2
535.179993 281.514008 0
134.242004 419.792999 1
217.343994 174.466995 3
559.715027 411.299988 2
83.348000 405.079010 1
489.694000 53.469002 5
560.062012 320.195007 2
518.601990 87.253998 5
161.203003 415.108002 1
181.985001 260.157990 1
489.386993 170.339996 5
507.079987 406.498993 2
165.182007 160.335007 3
94.281998 141.460007 3
269.954987 74.644997 4
352.471985 430.378998 1
279.119995 412.833008 1
70.650002 161.738007 3
110.431000 103.626999 4
369.010986 293.705994 1
322.828003 356.540009 8
648.791992 212.906998 2
175.444000 407.308990 1
636.148010 422.864014 2
551.177002 134.990005 6
637.791016 350.903015 9
139.404007 154.106995 3
172.302994 23.056000 0
149.350006 167.059006 3
452.837006 67.247002 5
259.579987 92.044998 4
2.364000 120.475998 0
546.666992 283.588989 2
31.254999 191.835007 0
465.195007 442.464996 0
421.734009 375.686005 1
378.960999 401.071991 1
215.979996 156.787994 3
74.236000 161.735992 3
208.884003 407.713989 1
121.197998 166.494995 3
390.648010 282.641998 1
541.398987 254.554993 6
605.507996 225.925995 2
516.125977 127.973000 6
81.430000 103.566002 4
166.328995 81.718002 4
117.223000 149.093002 3
656.900024 254.744995 0
126.953003 153.559006 3
474.385010 166.210999 5
137.035995 88.839996 4
635.552002 458.037994 2
73.343002 181.697998 3
51.569000 321.082001 1
18.983000 161.274002 3
156.389008 111.013000 4
192.684006 413.770996 1
73.224998 467.390991 0
433.266998 340.291992 1
327.187012 305.098999 8
52.819000 403.687988 1
72.275002 289.628998 1
34.827999 94.238998 4
137.962006 179.733994 3
261.790009 422.598999 1
262.924988 147.195007 3
365.040985 272.917999 1
143.966003 25.908001 0
183.559006 175.462006 3
534.309021 424.205994 2
83.285004 151.257996 3
618.049011 410.463013 2
456.303009 145.076996 5
494.981995 70.178001 5
18.528999 159.964005 3
102.179001 75.819000 4
472.424011 223.373993 6
621.307007 193.016998 2
344.489990 338.303009 8
639.950989 92.348999 2
258.053986 250.479996 1
207.248993 282.408997 1
312.213989 425.118988 1
535.414001 376.078003 2
479.144012 166.945999 5
297.682007 277.079010 1
273.862000 281.304993 1
196.602997 99.322998 4
495.535004 79.421997 5
442.662994 363.270996 1
640.508972 260.983002 2
267.122009 85.435997 4
319.243988 160.796997 3
140.837006 139.145996 3
609.447998 392.217010 2
103.115997 64.575996 0
156.945999 88.833000 4
694.439026 163.412003 0
179.888000 428.421997 1
496.493988 151.578995 5
676.677979 150.089005 0
586.940979 140.307007 0
17.025999 226.955994 0
159.852997 342.330994 7
143.466995 425.734009 1
90.066002 139.880005 3
169.408997 139.837006 3
423.976013 144.537994 5
80.578003 79.455002 4
623.599976 224.251999 2
38.483002 309.053009 1
453.058014 150.147995 5
458.151001 385.601013 1
157.649002 325.401001 7
183.638000 139.007996 3
574.033020 282.041992 2
84.127998 143.367004 3
473.140991 226.501007 6
298.015991 77.962997 4
644.494019 235.511993 2
307.618988 146.878006 3
219.796997 440.966003 1
552.414978 440.575989 2
43.395000 300.135986 1
159.460999 272.871002 1
208.695999 62.987000 0
428.821014 108.198997 5
577.096008 153.561005 6
489.079010 96.985001 0
551.065002 242.546997 6
161.210007 268.239014 1
182.397995 68.097000 4
591.184021 255.042999 2
620.976013 408.973999 2
55.027000 177.406006 3
541.937012 234.882996 6
288.842987 247.768005 1
262.187012 122.008003 0
44.925999 305.390015 1
313.376007 84.138000 4
65.765999 182.182007 3
509.126007 233.748993 6
322.481995 29.021000 0
652.276001 362.470001 9
18.971001 218.514999 0
445.570007 363.281006 1
467.266998 353.183014 1
345.816010 370.028015 8
170.891006 73.995003 4
548.781006 305.562012 2
439.118988 119.693001 5
174.304001 142.115005 3
465.273987 212.992004 6
583.919983 419.786011 2
76.857002 420.645996 0
276.786011 116.775002 0
544.521973 287.213013 2
315.932007 181.966995 3
624.205994 282.671997 2
444.904999 370.566010 1
321.184998 176.548004 3
268.649994 258.927002 1
139.794006 231.725998 0
626.309998 113.467003 2
542.479004 104.440002 0
319.997986 278.881012 1
614.648987 292.234985 2
45.152000 96.415001 4
91.064003 266.022003 1
171.511002 281.993011 1
321.416992 410.851013 1
550.340027 296.036011 2
31.709999 452.782013 0
642.879028 248.145996 2
322.446991 244.830002 0
80.111000 156.643997 3
237.046997 89.483002 4
354.954987 191.406998 0
443.234985 143.867996 5
555.091003 327.984985 2
622.200012 346.670013 9
636.924988 262.385986 2
326.993988 145.645004 3
144.544998 158.753006 3
224.737000 76.184998 4
230.875000 247.044998 1
520.364014 217.796997 6
654.664978 418.648010 2
280.382996 99.471001 4
175.481003 176.817001 3
282.125000 92.572998 4
482.561005 41.643002 5
83.149002 413.325012 1
554.388977 442.290009 2
53.332001 331.714996 1
104.555000 418.092987 1
237.317993 101.524002 4
286.380005 423.556000 1
345.011993 338.888000 8
570.539001 330.729004 2
405.354004 381.015015 1
636.304016 444.109985 2
644.994019 411.510010 2
521.286011 384.842010 2
376.829010 135.136002 0
137.994003 108.049004 4
539.051025 374.545990 2
270.040009 410.648987 1
652.268005 326.389008 9
549.046021 347.325012 2
59.923000 357.007996 1
208.332993 112.167999 4
283.487000 159.039001 3
268.325989 279.855988 1
470.382996 56.476002 5
389.964996 273.830994 1
174.682007 330.317993 7
380.173004 413.364014 1
175.237000 148.358002 3
59.868000 72.511002 4
192.809006 159.973007 3
331.061005 146.707001 3
369.971985 263.248993 1
606.263000 197.266006 2
576.760986 388.830994 2
604.155029 197.240005 2
295.095001 342.319000 8
552.320984 65.855003 0
441.050995 313.417999 1
259.718994 278.911987 1
20.660999 234.057007 0
231.783997 414.507996 1
607.885010 438.196014 2
576.919006 420.364990 2
413.243011 293.071014 1
525.328979 408.777008 2
583.044983 273.734009 2
666.643982 302.269012 0
267.701996 423.460999 1
656.796021 416.110992 2
372.013000 138.061996 0
559.278015 147.009995 6
560.625977 201.339005 6
371.565002 331.404999 8
66.908997 168.947998 3
621.648987 220.380997 2
254.119003 173.014008 3
623.544983 333.636993 9
542.260986 121.322998 6
442.165009 62.166000 5
520.406006 339.505005 2
209.162994 410.839996 1
246.065994 179.996002 3
474.830994 206.714996 6
556.635986 464.757996 2
12.640000 340.424011 1
260.699005 100.944000 4
338.519012 401.955994 1
633.093018 198.324005 2
165.375000 400.069000 1
624.655029 182.227997 2
418.135986 300.558014 1
33.205002 325.149994 1
333.398987 456.705994 0
619.351990 165.757996 2
338.527008 362.937012 8
284.635986 93.834999 4
434.173004 151.386993 5
589.648987 262.414001 2
551.372009 106.818001 0
550.033020 283.092010 2
645.539978 114.697998 2
496.096008 224.850998 6
657.487000 307.739990 9
93.391998 289.364014 1
239.977005 274.036011 1
584.973022 442.627991 2
11.244000 364.763000 1
52.150002 153.889999 3
444.282013 163.070999 5
554.580017 95.031998 0
26.143999 157.289001 3
514.827026 252.996994 6
576.458984 290.776001 2
281.398010 72.732002 4
325.281006 201.087006 0
36.987999 388.859009 1
271.679993 346.670990 0
151.858994 76.226997 4
241.386002 257.954987 1
519.888000 244.016006 6
496.562012 469.368988 0
251.889008 83.329002 4
313.697998 175.772995 3
117.998001 400.035004 1
121.310997 181.130997 3
18.233999 386.425995 0
183.121994 433.703003 1
386.627991 411.618011 1
538.002991 394.097992 2
659.838013 353.261993 9
374.334015 275.757996 1
561.531982 441.191986 2
632.687988 453.049011 2
552.367004 233.903000 6
293.029999 435.596008 1
517.638977 420.626007 2
75.972000 372.834991 1
69.421997 311.278992 1
570.518005 441.199005 2
556.463989 375.716003 2
618.989990 433.661987 2
602.887024 238.313004 2
338.882996 358.015015 8
224.667007 144.895996 3
657.799988 224.938995 0
620.721985 169.306000 2
421.458008 393.756989 1
555.460999 351.152008 2
477.532013 230.322998 6
556.242004 147.647995 6
256.429993 432.755005 1
145.897003 328.558014 7
60.983002 158.638000 3
82.705002 89.319000 4
32.438999 283.010986 0
212.707993 266.233002 1
654.176025 168.852005 2
51.334999 366.847992 1
237.175003 182.953003 3
257.264008 142.807007 3
195.679993 407.109009 1
524.731018 388.139008 2
540.005005 377.290985 2
514.434021 206.395004 0
70.235001 161.806000 3
652.830994 202.270004 2
80.843002 376.957001 1
89.501999 302.506012 1
264.528015 100.427002 4
446.743988 169.134003 5
517.439026 86.577003 5
350.351990 267.841003 1
506.912994 401.260010 2
489.701996 224.149994 6
164.779999 272.634003 1
564.843994 300.316986 2
522.190002 234.212006 6
545.020996 432.701996 2
649.158997 304.681000 9
188.544998 258.067993 1
523.887024 82.848999 5
240.199997 101.600998 4
553.028992 282.259003 2
166.089005 69.121002 4
182.561005 338.071991 7
129.026001 353.665009 7
304.710999 426.110992 1
289.898987 435.177002 1
296.970001 246.026001 1
125.460999 331.571991 7
529.205994 141.044998 6
31.622999 326.346008 1
627.515991 392.204987 2
451.464996 372.082001 1
125.487000 259.246002 1
568.390015 457.755005 2
560.184021 192.289993 6
310.743011 406.398987 1
273.638000 168.966003 3
27.886999 146.940994 3
121.657997 148.966995 3
364.162994 291.906006 1
644.526001 337.221008 9
184.951996 149.089996 3
214.031998 89.258003 4
584.044983 460.295013 2
175.102997 110.700996 4
129.044006 223.667999 0
186.606003 268.806000 1
448.257996 384.158997 1
420.546997 397.058990 1
636.913025 141.899002 2
251.229996 159.384003 3
536.422974 418.385010 2
24.745001 168.548004 3
479.123993 353.346985 1
584.460999 288.812012 2
200.947006 339.839996 7
604.874023 427.847992 2
289.453003 84.591003 4
652.052979 90.481003 2
459.289001 139.973999 5
309.967010 361.839996 8
557.323975 209.421005 6
511.401001 339.177002 2
357.372986 329.415985 8
660.133972 348.670990 9
299.709015 94.824997 4
330.498993 106.441002 4
665.190979 424.315002 2
523.296997 130.406998 6
637.677002 430.071014 2
375.214996 407.834015 1
152.399994 87.200996 4
331.428986 287.778015 1
635.809998 437.765015 2
95.487999 448.820007 0
648.744019 239.675995 2
458.484985 333.466003 1
438.763000 98.045998 5
328.998993 366.355011 8
525.257019 321.554993 2
163.729004 88.739998 4
506.268005 234.985992 6
307.798004 339.299988 8
506.497009 171.391006 5
439.811005 289.915985 1
432.316986 160.662003 5
368.282013 390.460999 1
251.716003 274.013000 1
539.663025 229.630005 6
569.495972 403.553986 2
337.717987 305.691986 8
88.005997 90.714996 4
118.250000 156.263000 3
454.523987 356.135986 1
14.524000 353.602997 1
353.332001 336.463989 8
618.302002 285.919006 2
184.005005 342.394989 7
637.039978 137.548996 2
275.187988 161.731995 3
211.703995 417.877991 1
453.360992 162.675995 5
566.374023 282.239014 2
251.246994 273.079987 1
358.136993 250.268005 0
491.238007 85.736000 5
451.885010 319.441986 1
41.633999 86.157997 4
158.233994 316.941986 7
456.729004 174.082993 5
126.396004 107.060997 4
464.490997 310.308990 1
520.825989 94.706001 5
284.416992 343.240997 0
423.894989 311.640991 1
467.649994 355.664001 1
31.256001 283.256012 0
66.441002 463.471008 0
517.302979 420.662994 2
90.210999 79.070999 4
197.979004 337.756989 7
579.523987 440.634003 2
175.147003 267.035004 1
453.174988 270.096008 0
590.664001 267.343994 2
564.947998 388.251007 2
166.320999 342.128998 7
625.286011 61.301998 0
71.813004 138.205994 3
476.421997 342.458008 1
322.959015 266.582001 1
394.307007 300.813995 1
551.554993 95.200996 0
515.267029 429.652008 2
330.967010 338.438995 8
397.022003 266.483002 1
515.799988 142.339996 6
316.539001 353.640015 8
204.852997 343.123993 7
185.223999 170.401001 3
653.976990 182.634003 2
606.629028 229.425995 2
528.987000 391.381012 2
23.888000 352.251007 1
151.171997 417.074005 1
223.067993 433.618988 1
423.587006 297.498993 1
445.817993 130.619003 5
66.539001 170.910004 3
270.730988 101.799004 4
458.783997 148.789993 5
562.164001 422.121002 2
251.026001 418.229004 1
169.774002 334.661987 7
31.117001 189.233994 0
8.743000 338.975006 1
103.264999 94.267998 4
95.794998 141.151993 3
294.285004 171.837997 3
612.315979 209.244003 2
26.629999 338.015991 1
267.450012 261.315002 1
671.684998 364.480011 9
276.989990 159.134995 3
108.745003 145.992996 3
264.437012 243.977005 1
390.311005 266.627991 1
20.016001 154.643997 3
623.633972 386.466003 2
279.536011 89.616997 4
613.895996 117.119003 2
361.968994 397.622009 1
375.863007 372.087006 0
650.713013 72.524002 2
23.635000 143.621994 3
532.054993 122.723999 6
436.046997 350.467010 1
113.813004 144.992004 3
182.901001 351.725006 7
629.853027 94.010002 2
339.910004 336.569000 8
404.050995 409.726990 1
350.834015 393.015015 1
76.365997 296.416992 1
294.673004 212.072006 0
132.154999 288.681000 1
519.289001 252.735001 6
255.264999 258.269989 1
377.075012 425.769989 1
502.511993 159.884003 5
377.627991 425.186005 1
129.085007 426.164001 1
497.790985 382.114014 0
124.114998 415.261993 1
405.398987 407.596985 1
522.716003 372.395996 2
651.497009 310.987000 9
151.692993 379.097992 7
442.126007 207.766998 0
258.523010 268.792999 1
540.737000 452.766998 2
327.558990 111.013000 4
602.885010 343.062012 0
654.911011 348.644012 9
8.375000 344.164001 1
29.382000 76.012001 4
618.992981 184.889999 2
131.792999 286.696014 1
325.636993 103.271004 4
553.119019 330.291992 2
524.351990 132.076996 6
11.818000 429.705994 0
451.497009 94.141998 5
151.897003 324.571991 7
153.130005 172.988007 3
528.132019 357.187012 2
277.578003 183.828995 3
568.677979 459.886993 2
167.794998 183.153000 3
81.265999 381.554993 1
101.082001 159.802994 3
446.871002 147.759003 5
607.693970 402.075989 2
44.277000 87.349998 4
31.659000 176.625000 3
162.154007 112.124001 4
507.342987 134.830002 6
243.779999 99.689003 4
452.807007 331.437012 1
216.845993 411.747009 1
88.070000 113.533997 4
131.505005 357.653992 7
557.747986 322.126007 2
43.595001 74.542000 4
600.859009 235.421997 2
474.326996 315.576996 1
24.719000 76.157997 4
272.954010 221.740005 0
544.142029 321.595001 2
103.556000 281.579010 1
134.528000 363.790985 7
569.281006 318.806000 2
216.319000 289.138000 0
492.239990 127.167000 6
178.289993 308.199005 7
168.283005 257.950012 1
508.447998 384.907990 2
531.132019 327.080994 2
623.922974 456.959991 2
157.449997 167.867004 3
561.421021 166.072006 6
52.015999 308.647003 1
632.481995 266.998993 2
543.072998 207.690002 6
270.950012 253.268997 1
629.984985 325.962006 9
211.731003 171.761993 3
559.567993 308.893005 2
119.706001 82.739998 4
497.050995 108.111000 0
611.004028 188.731003 2
451.645996 148.535995 5
630.543030 266.906006 2
302.033997 106.515999 4
443.069000 298.013000 1
271.987000 243.660995 1
470.532013 373.244995 1
112.796997 176.117004 3
337.240997 355.937012 8
620.398010 221.266998 2
264.502014 437.990997 1
528.575989 94.064003 5
545.841003 357.713013 2
528.335999 315.145996 2
647.331970 186.401993 2
279.395996 90.323997 4
289.826996 92.748001 4
309.677002 143.990005 3
103.223000 172.681000 3
140.352997 108.443001 4
657.429993 187.335999 2
269.505005 251.544998 1
294.989014 162.162994 3
431.040009 69.588997 5
309.709991 276.102997 1
104.872002 169.065002 3
538.896973 383.191010 2
191.667999 154.569000 3
171.029999 403.242004 1
652.810974 28.205999 0
584.549988 398.313995 2
150.417007 434.507996 1
544.101990 280.259003 2
655.815979 412.832001 2
558.492004 176.966003 6
72.884003 88.849998 4
96.634003 170.520996 3
600.586975 212.481003 2
166.136993 324.252014 7
386.390991 266.877991 1
103.226997 43.122002 0
304.773987 408.915009 1
433.727997 140.542999 5
112.369003 164.192001 3
485.369995 274.829010 0
24.811001 355.821991 1
427.115997 303.868011 1
612.630981 408.003998 2
431.182007 50.209999 0
269.770996 112.678001 4
318.342010 340.531006 8
118.207001 469.925995 0
38.356998 69.882004 4
635.273010 308.157013 9
526.953979 423.660004 2
522.708984 244.417999 6
552.749023 251.300003 0
50.422001 315.015991 1
591.195007 445.414001 2
183.272003 77.112999 4
77.152000 310.640015 1
543.703003 423.707001 2
508.251007 340.394012 2
647.533997 121.180000 2
314.936005 324.915009 8
126.196999 290.799988 1
533.306030 218.951004 6
175.164993 272.963013 1
50.868000 78.939003 4
243.962006 440.813995 1
432.997009 368.126007 1
183.220993 408.290009 1
217.225998 116.286003 4
100.259003 75.352997 4
647.723999 70.802002 2
140.990005 166.694000 3
544.403992 197.375000 6
582.385986 384.609985 2
205.087997 151.434998 3
551.791016 448.585999 2
420.726990 405.197998 1
614.765015 393.269012 2
298.292999 263.177002 1
552.674988 160.487000 6
651.979980 332.608002 9
130.671997 174.029999 3
348.104004 268.692993 1
610.064026 435.246002 2
276.516998 405.352997 1
342.993988 310.670013 8
88.052002 107.609001 4
479.217987 153.335999 5
622.163025 130.690002 2
188.031006 330.014008 7
496.164001 448.760010 0
211.871994 194.145004 0
507.528992 358.882996 2
315.665009 323.191986 8
220.404007 156.966003 3
271.067993 116.208000 4
34.687000 298.644989 1
111.844002 80.234001 4
602.682007 449.674988 2
276.328003 274.010010 1
328.682007 272.079987 1
226.421005 85.371002 4
467.260986 329.575989 1
141.203003 286.998993 1
271.134003 424.855011 1
176.354004 86.403999 4
648.370972 108.966003 2
609.309998 401.000000 2
380.024994 412.558014 1
647.992981 338.789001 9
377.852997 53.242001 0
647.348999 197.029007 2
318.746002 99.855003 4
241.572006 252.507996 1
158.712997 334.341003 7
615.073975 121.891998 2
552.921997 395.179993 2
216.496994 244.796997 1
147.731995 339.156006 7
281.877991 407.031006 1
157.496994 371.657990 7
368.391998 411.803986 1
101.086998 286.989990 1
636.700012 405.742004 2
434.941010 113.288002 5
213.007004 142.822006 3
461.171997 242.820999 0
187.151993 331.229004 7
114.772003 291.050995 1
612.534973 455.622986 2
50.943001 72.572998 4
602.705994 243.216003 2
126.739998 155.725006 3
536.682007 296.947998 2
197.375000 414.109009 1
618.682007 413.089996 2
605.893005 456.769989 2
354.579987 284.126007 1
81.283997 383.015991 1
449.427002 321.385986 1
612.781982 286.750000 2
592.434021 271.299011 2
183.167999 372.222992 7
389.466003 294.940002 1
233.434006 42.089001 0
257.677002 73.679001 4
514.101013 444.018005 2
539.008972 447.833008 2
221.514999 249.912994 1
385.364014 267.658997 1
153.977005 426.541992 1
235.602997 277.480988 1
426.102997 170.891006 0
548.072021 209.335007 6
196.673004 422.572998 1
65.200996 400.415009 1
216.781998 256.393005 1
271.932007 414.035004 1
89.098999 82.280998 4
153.998993 372.535004 7
137.028000 176.210007 3
499.356995 177.082993 5
350.695007 269.385986 1
185.574997 274.045013 1
545.041016 233.072006 6
201.253006 79.351997 4
519.869995 55.992001 5
156.466003 354.278015 7
226.188995 362.742004 0
551.200012 294.298004 2
53.356998 385.151001 1
156.216003 176.673004 3
563.888977 206.667007 6
433.036011 302.761993 1
411.959015 388.993988 1
235.675995 262.609985 1
60.351002 148.181000 3
302.670990 332.415009 8
355.277008 76.600998 0
591.171997 407.207001 2
422.403992 371.071014 1
554.338013 388.842987 2
315.049011 372.453003 8
176.589005 30.392000 0
111.758003 407.602997 1
620.747009 395.500000 2
342.260986 333.748993 8
631.857971 316.907990 9
272.427002 166.828995 3
377.959015 336.414001 8
650.880005 79.185997 2
432.817993 447.341003 0
166.330994 348.403992 7
477.851013 329.441986 1
351.375000 398.204987 1
382.967010 93.806000 0
295.566986 417.203003 1
465.468994 369.921997 1
523.651978 115.638000 6
84.953003 391.540009 1
418.669006 269.011993 0
576.033997 430.531006 2
338.188995 348.671997 8
483.316986 164.960007 5
436.546997 389.647003 1
505.548004 65.546997 5
632.028015 194.416000 2
325.984985 432.681000 1
631.231018 248.561005 2
317.875000 406.928009 1
174.906006 154.884995 3
456.592987 387.186005 1
457.278015 349.225006 1
164.513000 437.691010 1
35.785999 350.471985 1
24.271000 152.192993 3
135.197006 254.746994 1
437.592987 384.645996 1
557.750977 454.183014 2
147.365997 379.114014 7
464.786011 145.141998 5
258.791992 409.270996 1
580.387024 419.316986 2
452.550995 28.209999 0
427.455994 388.136993 1
134.386002 366.977997 7
212.779999 419.444000 1
84.974998 299.994995 1
427.286987 299.770996 1
497.287994 116.862000 0
183.097000 321.516998 7
68.586998 79.171997 4
560.979980 214.078995 6
286.790985 252.617004 1
284.575012 412.520996 1
455.101990 382.811005 1
530.895996 320.019012 2
189.263000 272.364990 1
251.432007 154.587006 3
325.653015 427.165009 1
16.472000 39.292999 0
51.148998 85.004997 4
435.549988 145.395004 5
176.287994 406.208008 1
243.806000 97.797997 4
545.987976 437.963989 2
355.358002 373.989990 8
288.807007 245.080994 1
442.739014 153.699005 5
72.005997 158.556000 3
52.868999 389.467010 1
55.768002 424.278992 0
17.427000 102.032997 4
36.368000 303.322998 1
58.061001 111.898003 4
9.794000 123.472000 0
484.895996 201.332001 6
451.783997 372.544006 1
550.674988 327.447998 2
474.742004 161.518005 5
535.835022 375.765991 2
234.878006 181.878006 3
